"UTC";"Period";"Wind parks production";"Wind parks production forecast - BRPs";"Wind parks production forecast - system operator"
"1690840800";"01.08.2023 01:00";"25";"22,3";"26,641"
"1690844400";"01.08.2023 02:00";"30,8";"22";"32,561"
"1690848000";"01.08.2023 03:00";"39,5";"29,8";"29,049"
"1690851600";"01.08.2023 04:00";"45,2";"32,8";"39,533"
"1690855200";"01.08.2023 05:00";"44,5";"38,6";"38,357"
"1690858800";"01.08.2023 06:00";"51,5";"42,8";"49,956"
"1690862400";"01.08.2023 07:00";"50,2";"51,2";"60,313"
"1690866000";"01.08.2023 08:00";"60,4";"61,2";"78,611"
"1690869600";"01.08.2023 09:00";"95,9";"76,8";"100,801"
"1690873200";"01.08.2023 10:00";"131,2";"85,2";"98,285"
"1690876800";"01.08.2023 11:00";"155,5";"109,5";"111,638"
"1690880400";"01.08.2023 12:00";"162,2";"122";"99,696"
"1690884000";"01.08.2023 13:00";"152,1";"125,5";"96,933"
"1690887600";"01.08.2023 14:00";"157,1";"117";"118,678"
"1690891200";"01.08.2023 15:00";"147,3";"116,9";"106,063"
"1690894800";"01.08.2023 16:00";"157,4";"105,2";"99,065"
"1690898400";"01.08.2023 17:00";"155,2";"100,1";"85,302"
"1690902000";"01.08.2023 18:00";"141";"103,9";"86,426"
"1690905600";"01.08.2023 19:00";"114,4";"85,1";"87,705"
"1690909200";"01.08.2023 20:00";"95,6";"82,2";"88,586"
"1690912800";"01.08.2023 21:00";"90,4";"82,2";"96,142"
"1690916400";"01.08.2023 22:00";"86";"77,1";"107,731"
"1690920000";"01.08.2023 23:00";"86,9";"82,4";"110,685"
"1690923600";"02.08.2023 00:00";"105,7";"93,4";"106,383"
"1690927200";"02.08.2023 01:00";"128";"115,7";"110,078"
"1690930800";"02.08.2023 02:00";"138,9";"120";"112,036"
"1690934400";"02.08.2023 03:00";"149,8";"115,7";"117,587"
"1690938000";"02.08.2023 04:00";"140,9";"129";"125,857"
"1690941600";"02.08.2023 05:00";"133,7";"135,5";"133,216"
"1690945200";"02.08.2023 06:00";"150,8";"128,7";"131,829"
"1690948800";"02.08.2023 07:00";"157,6";"128,2";"128,671"
"1690952400";"02.08.2023 08:00";"156,7";"126,9";"121,827"
"1690956000";"02.08.2023 09:00";"165,8";"117,6";"119,681"
"1690959600";"02.08.2023 10:00";"165,4";"119";"109,458"
"1690963200";"02.08.2023 11:00";"160";"113,3";"108,795"
"1690966800";"02.08.2023 12:00";"168,2";"102,8";"110,623"
"1690970400";"02.08.2023 13:00";"163,2";"103,9";"103,922"
"1690974000";"02.08.2023 14:00";"120,8";"103,6";"86,525"
"1690977600";"02.08.2023 15:00";"104,8";"86,9";"74,068"
"1690981200";"02.08.2023 16:00";"77,3";"69,8";"72,14"
"1690984800";"02.08.2023 17:00";"61,6";"62,9";"54,19"
"1690988400";"02.08.2023 18:00";"49,8";"49,2";"55,304"
"1690992000";"02.08.2023 19:00";"42";"41,1";"50,651"
"1690995600";"02.08.2023 20:00";"33,4";"41,5";"46,704"
"1690999200";"02.08.2023 21:00";"41,5";"40,5";"43,704"
"1691002800";"02.08.2023 22:00";"40,1";"42,4";"43,546"
"1691006400";"02.08.2023 23:00";"42,7";"44,6";"49,931"
"1691010000";"03.08.2023 00:00";"48,4";"41,8";"44,988"
"1691013600";"03.08.2023 01:00";"50,4";"45,8";"47,645"
"1691017200";"03.08.2023 02:00";"55,3";"43,5";"44,734"
"1691020800";"03.08.2023 03:00";"46,2";"43,1";"49,553"
"1691024400";"03.08.2023 04:00";"43,8";"45,3";"47,568"
"1691028000";"03.08.2023 05:00";"63,6";"41,9";"51,789"
"1691031600";"03.08.2023 06:00";"79,3";"42,6";"50,022"
"1691035200";"03.08.2023 07:00";"81,1";"43,1";"54,367"
"1691038800";"03.08.2023 08:00";"75,6";"47,5";"50,97"
"1691042400";"03.08.2023 09:00";"76,8";"47,7";"47,106"
"1691046000";"03.08.2023 10:00";"83,6";"51,5";"56,065"
"1691049600";"03.08.2023 11:00";"89,2";"64,7";"63,583"
"1691053200";"03.08.2023 12:00";"98,6";"71,3";"67,832"
"1691056800";"03.08.2023 13:00";"92,7";"76";"78,35"
"1691060400";"03.08.2023 14:00";"121,8";"83,3";"90,1"
"1691064000";"03.08.2023 15:00";"105";"94,5";"103,8"
"1691067600";"03.08.2023 16:00";"115,2";"105,5";"124,408"
"1691071200";"03.08.2023 17:00";"120,2";"103,1";"151,765"
"1691074800";"03.08.2023 18:00";"109,1";"101,4";"142,131"
"1691078400";"03.08.2023 19:00";"104";"107,5";"134,508"
"1691082000";"03.08.2023 20:00";"137,6";"95,3";"115,239"
"1691085600";"03.08.2023 21:00";"125,7";"106,6";"116,876"
"1691089200";"03.08.2023 22:00";"108,3";"120,7";"109,295"
"1691092800";"03.08.2023 23:00";"101,4";"108,4";"107,175"
"1691096400";"04.08.2023 00:00";"105,6";"98,6";"120,794"
"1691100000";"04.08.2023 01:00";"116,8";"110,6";"123,152"
"1691103600";"04.08.2023 02:00";"123,6";"113,4";"129,735"
"1691107200";"04.08.2023 03:00";"112";"116,3";"127,747"
"1691110800";"04.08.2023 04:00";"106,5";"119,8";"132,509"
"1691114400";"04.08.2023 05:00";"112,1";"124,5";"129,579"
"1691118000";"04.08.2023 06:00";"112,8";"138,3";"131,553"
"1691121600";"04.08.2023 07:00";"106,4";"147,1";"132,011"
"1691125200";"04.08.2023 08:00";"118,6";"159,2";"131,527"
"1691128800";"04.08.2023 09:00";"132";"169,1";"142,108"
"1691132400";"04.08.2023 10:00";"143,6";"169";"142,089"
"1691136000";"04.08.2023 11:00";"157,3";"185,1";"162,451"
"1691139600";"04.08.2023 12:00";"210,2";"182,3";"180,968"
"1691143200";"04.08.2023 13:00";"229,3";"158,4";"181,429"
"1691146800";"04.08.2023 14:00";"239,4";"176,6";"184,339"
"1691150400";"04.08.2023 15:00";"237,4";"199,3";"192,961"
"1691154000";"04.08.2023 16:00";"239,1";"200,3";"196,553"
"1691157600";"04.08.2023 17:00";"234,7";"209,5";"189,162"
"1691161200";"04.08.2023 18:00";"223,1";"194,4";"179,385"
"1691164800";"04.08.2023 19:00";"207,1";"192,4";"170,952"
"1691168400";"04.08.2023 20:00";"208";"167,6";"154,282"
"1691172000";"04.08.2023 21:00";"184,5";"171,6";"149,998"
"1691175600";"04.08.2023 22:00";"175,3";"160,1";"150,443"
"1691179200";"04.08.2023 23:00";"167,5";"149,1";"143,323"
"1691182800";"05.08.2023 00:00";"153,2";"142,4";"134,266"
"1691186400";"05.08.2023 01:00";"153,7";"125,2";"128,584"
"1691190000";"05.08.2023 02:00";"134,9";"116,6";"116,161"
"1691193600";"05.08.2023 03:00";"115,1";"102,5";"114,981"
"1691197200";"05.08.2023 04:00";"97,2";"92,3";"103,412"
"1691200800";"05.08.2023 05:00";"77,6";"82";"90,875"
"1691204400";"05.08.2023 06:00";"74,5";"64,5";"67,63"
"1691208000";"05.08.2023 07:00";"76,9";"57,9";"65,868"
"1691211600";"05.08.2023 08:00";"76,5";"59,7";"53,038"
"1691215200";"05.08.2023 09:00";"81,8";"58,1";"45,879"
"1691218800";"05.08.2023 10:00";"82,5";"59,5";"43,208"
"1691222400";"05.08.2023 11:00";"83,8";"58,3";"43,027"
"1691226000";"05.08.2023 12:00";"82,1";"55,2";"47,132"
"1691229600";"05.08.2023 13:00";"78,6";"46,2";"47,318"
"1691233200";"05.08.2023 14:00";"67,7";"43,8";"38,337"
"1691236800";"05.08.2023 15:00";"59";"31,7";"38,098"
"1691240400";"05.08.2023 16:00";"39,2";"23,7";"25,823"
"1691244000";"05.08.2023 17:00";"26,6";"14,3";"15,829"
"1691247600";"05.08.2023 18:00";"15,6";"9,3";"11,847"
"1691251200";"05.08.2023 19:00";"8,3";"5,7";"8,645"
"1691254800";"05.08.2023 20:00";"3,2";"3,8";"8,61"
"1691258400";"05.08.2023 21:00";"2,3";"2,8";"9,327"
"1691262000";"05.08.2023 22:00";"3,1";"2,8";"7,229"
"1691265600";"05.08.2023 23:00";"6,5";"4,5";"8,843"
"1691269200";"06.08.2023 00:00";"11,4";"11,8";"6,727"
"1691272800";"06.08.2023 01:00";"22,7";"13,9";"10,199"
"1691276400";"06.08.2023 02:00";"27";"15";"14,749"
"1691280000";"06.08.2023 03:00";"37,9";"21,1";"22,228"
"1691283600";"06.08.2023 04:00";"29";"27,5";"24,931"
"1691287200";"06.08.2023 05:00";"38,9";"34,8";"27,082"
"1691290800";"06.08.2023 06:00";"39,8";"39,2";"32,088"
"1691294400";"06.08.2023 07:00";"48,1";"38,5";"48,375"
"1691298000";"06.08.2023 08:00";"46,7";"45,5";"46,839"
"1691301600";"06.08.2023 09:00";"54,8";"46,2";"52,698"
"1691305200";"06.08.2023 10:00";"74,5";"51,4";"70,474"
"1691308800";"06.08.2023 11:00";"76,2";"69,4";"87,702"
"1691312400";"06.08.2023 12:00";"97,1";"80";"86,645"
"1691316000";"06.08.2023 13:00";"138,3";"83,3";"103,758"
"1691319600";"06.08.2023 14:00";"175,9";"96,1";"113,48"
"1691323200";"06.08.2023 15:00";"188,8";"113,6";"114,422"
"1691326800";"06.08.2023 16:00";"168,2";"118";"122,421"
"1691330400";"06.08.2023 17:00";"142,1";"121,3";"114,297"
"1691334000";"06.08.2023 18:00";"115,3";"105,4";"121,606"
"1691337600";"06.08.2023 19:00";"101,8";"100,5";"126,351"
"1691341200";"06.08.2023 20:00";"108,8";"106";"111,445"
"1691344800";"06.08.2023 21:00";"133,7";"104";"127,926"
"1691348400";"06.08.2023 22:00";"149,3";"119,9";"125,041"
"1691352000";"06.08.2023 23:00";"153,9";"122,9";"139,447"
"1691355600";"07.08.2023 00:00";"158,9";"126,9";"139,272"
"1691359200";"07.08.2023 01:00";"161,4";"126,8";"145,816"
"1691362800";"07.08.2023 02:00";"157,1";"130,5";"151,409"
"1691366400";"07.08.2023 03:00";"157,3";"140,2";"149,921"
"1691370000";"07.08.2023 04:00";"163,5";"139,6";"148,916"
"1691373600";"07.08.2023 05:00";"172,4";"144,1";"136,672"
"1691377200";"07.08.2023 06:00";"174,1";"137,1";"135,914"
"1691380800";"07.08.2023 07:00";"165,4";"145,4";"130,933"
"1691384400";"07.08.2023 08:00";"157,6";"130,9";"131,49"
"1691388000";"07.08.2023 09:00";"161,5";"123,5";"125,7"
"1691391600";"07.08.2023 10:00";"165,1";"123,1";"139,086"
"1691395200";"07.08.2023 11:00";"191";"122,6";"136,698"
"1691398800";"07.08.2023 12:00";"206,6";"136,3";"159,667"
"1691402400";"07.08.2023 13:00";"207,8";"148,3";"166,952"
"1691406000";"07.08.2023 14:00";"208,2";"156,1";"177,09"
"1691409600";"07.08.2023 15:00";"209,1";"163,8";"181,665"
"1691413200";"07.08.2023 16:00";"168,9";"161,8";"183,017"
"1691416800";"07.08.2023 17:00";"129,9";"169,1";"188,112"
"1691420400";"07.08.2023 18:00";"139";"154,2";"177,907"
"1691424000";"07.08.2023 19:00";"128,4";"138,9";"163,251"
"1691427600";"07.08.2023 20:00";"115";"126,7";"142,232"
"1691431200";"07.08.2023 21:00";"119,8";"125,5";"129,823"
"1691434800";"07.08.2023 22:00";"118,3";"112,9";"132,724"
"1691438400";"07.08.2023 23:00";"96,8";"117,9";"131,199"
"1691442000";"08.08.2023 00:00";"101,5";"93,5";"118,479"
"1691445600";"08.08.2023 01:00";"75,6";"71,7";"118,224"
"1691449200";"08.08.2023 02:00";"82,6";"79,8";"145,467"
"1691452800";"08.08.2023 03:00";"90,1";"89";"145,281"
"1691456400";"08.08.2023 04:00";"116,9";"108,5";"143,37"
"1691460000";"08.08.2023 05:00";"126,3";"129,9";"150,324"
"1691463600";"08.08.2023 06:00";"137,6";"136,2";"152,223"
"1691467200";"08.08.2023 07:00";"227,2";"157,7";"158,012"
"1691470800";"08.08.2023 08:00";"255,4";"195,3";"187,083"
"1691474400";"08.08.2023 09:00";"244,7";"221,6";"198,409"
"1691478000";"08.08.2023 10:00";"255";"189,6";"216,667"
"1691481600";"08.08.2023 11:00";"171,1";"161,6";"233,306"
"1691485200";"08.08.2023 12:00";"187,5";"155,7";"240,392"
"1691488800";"08.08.2023 13:00";"218,9";"152,6";"240,184"
"1691492400";"08.08.2023 14:00";"177,1";"154,2";"225,049"
"1691496000";"08.08.2023 15:00";"168,1";"147,9";"219,131"
"1691499600";"08.08.2023 16:00";"151,3";"140,7";"214,394"
"1691503200";"08.08.2023 17:00";"167,6";"142";"200,578"
"1691506800";"08.08.2023 18:00";"192,3";"142,1";"182,801"
"1691510400";"08.08.2023 19:00";"172,6";"153,5";"158,699"
"1691514000";"08.08.2023 20:00";"137,7";"140,3";"137,482"
"1691517600";"08.08.2023 21:00";"123,8";"126,8";"131,609"
"1691521200";"08.08.2023 22:00";"126,5";"118";"123,658"
"1691524800";"08.08.2023 23:00";"125,9";"102,7";"121,942"
"1691528400";"09.08.2023 00:00";"108,1";"98";"94,364"
"1691532000";"09.08.2023 01:00";"99,1";"93,9";"92,198"
"1691535600";"09.08.2023 02:00";"100,3";"86,5";"99,335"
"1691539200";"09.08.2023 03:00";"108,7";"86";"95,785"
"1691542800";"09.08.2023 04:00";"108,3";"87,1";"78,706"
"1691546400";"09.08.2023 05:00";"102,3";"80,3";"72,715"
"1691550000";"09.08.2023 06:00";"89,1";"78,3";"71,78"
"1691553600";"09.08.2023 07:00";"73";"68";"64,725"
"1691557200";"09.08.2023 08:00";"54,3";"61,4";"69,539"
"1691560800";"09.08.2023 09:00";"63,7";"56,8";"66,042"
"1691564400";"09.08.2023 10:00";"86,7";"62,5";"63,63"
"1691568000";"09.08.2023 11:00";"104,5";"69,5";"72,969"
"1691571600";"09.08.2023 12:00";"100,2";"73,2";"53,519"
"1691575200";"09.08.2023 13:00";"92,1";"74";"54,452"
"1691578800";"09.08.2023 14:00";"84,8";"62,5";"62,978"
"1691582400";"09.08.2023 15:00";"84,1";"52,6";"49,347"
"1691586000";"09.08.2023 16:00";"66,6";"49,7";"48,552"
"1691589600";"09.08.2023 17:00";"57";"50,1";"40,22"
"1691593200";"09.08.2023 18:00";"48";"40,6";"31,586"
"1691596800";"09.08.2023 19:00";"44,1";"33,4";"21,167"
"1691600400";"09.08.2023 20:00";"32,6";"32,1";"24,271"
"1691604000";"09.08.2023 21:00";"33,7";"33,3";"29,942"
"1691607600";"09.08.2023 22:00";"31,9";"37,9";"35,458"
"1691611200";"09.08.2023 23:00";"39,1";"43,2";"41,698"
"1691614800";"10.08.2023 00:00";"51,6";"41,9";"35,185"
"1691618400";"10.08.2023 01:00";"57,8";"45,8";"38,754"
"1691622000";"10.08.2023 02:00";"63,6";"47,4";"43,291"
"1691625600";"10.08.2023 03:00";"64,3";"50";"45,254"
"1691629200";"10.08.2023 04:00";"70,7";"53,1";"46,833"
"1691632800";"10.08.2023 05:00";"78,7";"58,5";"57,1"
"1691636400";"10.08.2023 06:00";"73,9";"57";"59,553"
"1691640000";"10.08.2023 07:00";"62,7";"52,5";"53,713"
"1691643600";"10.08.2023 08:00";"52";"45,3";"50,458"
"1691647200";"10.08.2023 09:00";"51,9";"45,7";"56,162"
"1691650800";"10.08.2023 10:00";"65";"54,4";"69,305"
"1691654400";"10.08.2023 11:00";"66,3";"64,3";"84,916"
"1691658000";"10.08.2023 12:00";"73";"71,4";"69,063"
"1691661600";"10.08.2023 13:00";"96,1";"71,9";"74,34"
"1691665200";"10.08.2023 14:00";"106,7";"75,2";"76,664"
"1691668800";"10.08.2023 15:00";"115,8";"79,9";"69,655"
"1691672400";"10.08.2023 16:00";"131,8";"82,1";"67,588"
"1691676000";"10.08.2023 17:00";"94,5";"76,6";"57,612"
"1691679600";"10.08.2023 18:00";"72,2";"69,5";"60,485"
"1691683200";"10.08.2023 19:00";"69,3";"52,3";"53,205"
"1691686800";"10.08.2023 20:00";"57,9";"47,9";"47,254"
"1691690400";"10.08.2023 21:00";"52,8";"52,6";"59,53"
"1691694000";"10.08.2023 22:00";"61,4";"54,5";"59,516"
"1691697600";"10.08.2023 23:00";"66,4";"61,2";"59,909"
"1691701200";"11.08.2023 00:00";"70,2";"66,6";"53,156"
"1691704800";"11.08.2023 01:00";"75,7";"65,6";"54,358"
"1691708400";"11.08.2023 02:00";"73";"61";"56,414"
"1691712000";"11.08.2023 03:00";"70,8";"62,2";"55,904"
"1691715600";"11.08.2023 04:00";"70,7";"60,6";"51,961"
"1691719200";"11.08.2023 05:00";"61,7";"55,3";"51,42"
"1691722800";"11.08.2023 06:00";"61,7";"47,2";"45,307"
"1691726400";"11.08.2023 07:00";"62";"40,2";"43,805"
"1691730000";"11.08.2023 08:00";"55,2";"37,9";"37,319"
"1691733600";"11.08.2023 09:00";"63,1";"30,9";"37,605"
"1691737200";"11.08.2023 10:00";"78,2";"35,3";"34,183"
"1691740800";"11.08.2023 11:00";"70,4";"35,7";"36,194"
"1691744400";"11.08.2023 12:00";"74,9";"35,5";"39,5"
"1691748000";"11.08.2023 13:00";"70,2";"40,3";"39,14"
"1691751600";"11.08.2023 14:00";"62,5";"33,1";"31,245"
"1691755200";"11.08.2023 15:00";"52,5";"27,1";"25,573"
"1691758800";"11.08.2023 16:00";"38,7";"20,6";"20,487"
"1691762400";"11.08.2023 17:00";"28,7";"16,3";"12,549"
"1691766000";"11.08.2023 18:00";"21,4";"18,2";"12,344"
"1691769600";"11.08.2023 19:00";"9,6";"7,3";"7,056"
"1691773200";"11.08.2023 20:00";"7,2";"4,6";"6,762"
"1691776800";"11.08.2023 21:00";"7";"4";"6,863"
"1691780400";"11.08.2023 22:00";"6,3";"4,2";"6,456"
"1691784000";"11.08.2023 23:00";"3,5";"5,2";"7,435"
"1691787600";"12.08.2023 00:00";"4";"5,8";"10,714"
"1691791200";"12.08.2023 01:00";"6,9";"5,5";"15,594"
"1691794800";"12.08.2023 02:00";"13,5";"6,8";"11,524"
"1691798400";"12.08.2023 03:00";"17";"8,4";"14,439"
"1691802000";"12.08.2023 04:00";"17,2";"11,5";"12,743"
"1691805600";"12.08.2023 05:00";"17,6";"10,3";"10,036"
"1691809200";"12.08.2023 06:00";"16,3";"9,3";"10,507"
"1691812800";"12.08.2023 07:00";"16,8";"8,3";"6,859"
"1691816400";"12.08.2023 08:00";"22,2";"7,7";"6,846"
"1691820000";"12.08.2023 09:00";"29,1";"5,5";"6,49"
"1691823600";"12.08.2023 10:00";"32,3";"6,1";"7,021"
"1691827200";"12.08.2023 11:00";"35,8";"6,6";"8,374"
"1691830800";"12.08.2023 12:00";"35,3";"8";"10,142"
"1691834400";"12.08.2023 13:00";"37,4";"8,8";"10,501"
"1691838000";"12.08.2023 14:00";"39,2";"9,9";"10,07"
"1691841600";"12.08.2023 15:00";"39,3";"10,4";"10,892"
"1691845200";"12.08.2023 16:00";"34,3";"10,5";"10,041"
"1691848800";"12.08.2023 17:00";"26,1";"9,8";"9,267"
"1691852400";"12.08.2023 18:00";"17";"8";"7,669"
"1691856000";"12.08.2023 19:00";"8,3";"7,3";"7,577"
"1691859600";"12.08.2023 20:00";"9,1";"7";"8,529"
"1691863200";"12.08.2023 21:00";"10,7";"8,2";"10,294"
"1691866800";"12.08.2023 22:00";"13,1";"9,9";"9,469"
"1691870400";"12.08.2023 23:00";"14,6";"11";"11,582"
"1691874000";"13.08.2023 00:00";"20,1";"12,9";"15,176"
"1691877600";"13.08.2023 01:00";"23,8";"12,3";"16,962"
"1691881200";"13.08.2023 02:00";"32,8";"15,2";"16,392"
"1691884800";"13.08.2023 03:00";"33,1";"19,8";"19,59"
"1691888400";"13.08.2023 04:00";"39,2";"21,9";"21,461"
"1691892000";"13.08.2023 05:00";"42,9";"21,6";"23,826"
"1691895600";"13.08.2023 06:00";"40,9";"25,9";"24,194"
"1691899200";"13.08.2023 07:00";"33,4";"27,6";"23,168"
"1691902800";"13.08.2023 08:00";"38,5";"19";"18,681"
"1691906400";"13.08.2023 09:00";"37,7";"14,5";"17,884"
"1691910000";"13.08.2023 10:00";"42,1";"11,5";"17,585"
"1691913600";"13.08.2023 11:00";"49,4";"12,4";"19,005"
"1691917200";"13.08.2023 12:00";"50,4";"15,1";"19,005"
"1691920800";"13.08.2023 13:00";"47,3";"16,9";"18,419"
"1691924400";"13.08.2023 14:00";"42,4";"17,2";"19,425"
"1691928000";"13.08.2023 15:00";"36,6";"15,9";"19,421"
"1691931600";"13.08.2023 16:00";"28,7";"13,7";"15,58"
"1691935200";"13.08.2023 17:00";"25";"12,2";"17,268"
"1691938800";"13.08.2023 18:00";"17,6";"13,4";"11,578"
"1691942400";"13.08.2023 19:00";"12,6";"12,3";"15,196"
"1691946000";"13.08.2023 20:00";"11,3";"13,8";"11,411"
"1691949600";"13.08.2023 21:00";"11,1";"13,6";"12,642"
"1691953200";"13.08.2023 22:00";"13,4";"13,9";"10,151"
"1691956800";"13.08.2023 23:00";"17,8";"17,4";"16,11"
"1691960400";"14.08.2023 00:00";"26,8";"24,7";"18,385"
"1691964000";"14.08.2023 01:00";"30,6";"24,6";"21,326"
"1691967600";"14.08.2023 02:00";"29,2";"26,6";"22,39"
"1691971200";"14.08.2023 03:00";"43,2";"27,6";"23,007"
"1691974800";"14.08.2023 04:00";"33,2";"31";"25,962"
"1691978400";"14.08.2023 05:00";"30,3";"29,8";"22,083"
"1691982000";"14.08.2023 06:00";"22,9";"23,9";"24,911"
"1691985600";"14.08.2023 07:00";"21,3";"17,6";"16,708"
"1691989200";"14.08.2023 08:00";"20,7";"12,1";"13,846"
"1691992800";"14.08.2023 09:00";"31,1";"11,2";"14,031"
"1691996400";"14.08.2023 10:00";"39,3";"13,1";"14,714"
"1692000000";"14.08.2023 11:00";"43,3";"17,7";"16,502"
"1692003600";"14.08.2023 12:00";"45,5";"19,3";"16,532"
"1692007200";"14.08.2023 13:00";"43,2";"23,6";"20,511"
"1692010800";"14.08.2023 14:00";"48,4";"24,4";"19,35"
"1692014400";"14.08.2023 15:00";"57,5";"26,5";"19,161"
"1692018000";"14.08.2023 16:00";"49,3";"29";"18,157"
"1692021600";"14.08.2023 17:00";"38,8";"25,3";"19,832"
"1692025200";"14.08.2023 18:00";"25,3";"19,6";"16,757"
"1692028800";"14.08.2023 19:00";"21,5";"15,4";"20,223"
"1692032400";"14.08.2023 20:00";"19,2";"17,3";"23,481"
"1692036000";"14.08.2023 21:00";"25,5";"20,2";"33,381"
"1692039600";"14.08.2023 22:00";"29,8";"22,9";"32,219"
"1692043200";"14.08.2023 23:00";"38,9";"24,9";"30,268"
"1692046800";"15.08.2023 00:00";"40";"25,1";"28,417"
"1692050400";"15.08.2023 01:00";"29,3";"22,8";"28,73"
"1692054000";"15.08.2023 02:00";"25,5";"24,7";"30,944"
"1692057600";"15.08.2023 03:00";"20,2";"23,6";"27,96"
"1692061200";"15.08.2023 04:00";"20,4";"20,1";"26,187"
"1692064800";"15.08.2023 05:00";"15,3";"18,1";"23,758"
"1692068400";"15.08.2023 06:00";"17,3";"14,5";"19,683"
"1692072000";"15.08.2023 07:00";"21,7";"12,3";"18,535"
"1692075600";"15.08.2023 08:00";"25,7";"10,6";"9,361"
"1692079200";"15.08.2023 09:00";"28,6";"9,3";"10,011"
"1692082800";"15.08.2023 10:00";"38,1";"7";"11,425"
"1692086400";"15.08.2023 11:00";"42,1";"7,6";"12,673"
"1692090000";"15.08.2023 12:00";"43,9";"8,1";"15,102"
"1692093600";"15.08.2023 13:00";"48";"8,3";"16,143"
"1692097200";"15.08.2023 14:00";"49,2";"9,5";"19,392"
"1692100800";"15.08.2023 15:00";"50,9";"11,1";"20,569"
"1692104400";"15.08.2023 16:00";"52";"13,5";"21,666"
"1692108000";"15.08.2023 17:00";"45,4";"17,3";"22,276"
"1692111600";"15.08.2023 18:00";"45,9";"20,7";"28,223"
"1692115200";"15.08.2023 19:00";"45,4";"29,4";"39,916"
"1692118800";"15.08.2023 20:00";"65";"43,9";"50,104"
"1692122400";"15.08.2023 21:00";"104,8";"63,3";"75,817"
"1692126000";"15.08.2023 22:00";"129,1";"81";"79,676"
"1692129600";"15.08.2023 23:00";"145,5";"95,9";"99,291"
"1692133200";"16.08.2023 00:00";"168,8";"104";"106,616"
"1692136800";"16.08.2023 01:00";"174,2";"118,9";"111,277"
"1692140400";"16.08.2023 02:00";"160,3";"127,3";"108,515"
"1692144000";"16.08.2023 03:00";"160,8";"119,7";"107,499"
"1692147600";"16.08.2023 04:00";"150,3";"110,8";"108,238"
"1692151200";"16.08.2023 05:00";"130,9";"104,6";"94,089"
"1692154800";"16.08.2023 06:00";"124,4";"94,8";"74,913"
"1692158400";"16.08.2023 07:00";"100,4";"64";"56,649"
"1692162000";"16.08.2023 08:00";"89,9";"60,8";"40,299"
"1692165600";"16.08.2023 09:00";"70,5";"44";"28,725"
"1692169200";"16.08.2023 10:00";"60,7";"35";"26,881"
"1692172800";"16.08.2023 11:00";"58,8";"29,3";"19,939"
"1692176400";"16.08.2023 12:00";"50,3";"26,2";"17,34"
"1692180000";"16.08.2023 13:00";"49,4";"22";"13,845"
"1692183600";"16.08.2023 14:00";"54,3";"16,2";"14,636"
"1692187200";"16.08.2023 15:00";"43";"15,5";"10,692"
"1692190800";"16.08.2023 16:00";"31,5";"11,5";"7,235"
"1692194400";"16.08.2023 17:00";"23,2";"9,3";"7,124"
"1692198000";"16.08.2023 18:00";"12,6";"7,4";"6,822"
"1692201600";"16.08.2023 19:00";"7";"5,5";"5,965"
"1692205200";"16.08.2023 20:00";"5";"4,8";"8,942"
"1692208800";"16.08.2023 21:00";"6,3";"6,7";"13,757"
"1692212400";"16.08.2023 22:00";"9";"8,9";"34,419"
"1692216000";"16.08.2023 23:00";"10,9";"11,2";"35,825"
"1692219600";"17.08.2023 00:00";"27,7";"11,6";"14,273"
"1692223200";"17.08.2023 01:00";"40,6";"13,4";"20,68"
"1692226800";"17.08.2023 02:00";"28,9";"17,8";"9,296"
"1692230400";"17.08.2023 03:00";"14,6";"21,3";"12,808"
"1692234000";"17.08.2023 04:00";"13,4";"14,5";"16,622"
"1692237600";"17.08.2023 05:00";"14,3";"13,9";"13,655"
"1692241200";"17.08.2023 06:00";"19,2";"12,1";"8,766"
"1692244800";"17.08.2023 07:00";"16,3";"11,3";"10,58"
"1692248400";"17.08.2023 08:00";"18,7";"9,7";"9,664"
"1692252000";"17.08.2023 09:00";"30,4";"6,8";"10,289"
"1692255600";"17.08.2023 10:00";"35,5";"8,7";"10,438"
"1692259200";"17.08.2023 11:00";"37,9";"10,7";"11,942"
"1692262800";"17.08.2023 12:00";"40,2";"12,1";"17,833"
"1692266400";"17.08.2023 13:00";"49,5";"14,2";"19,904"
"1692270000";"17.08.2023 14:00";"48,2";"19,8";"20,837"
"1692273600";"17.08.2023 15:00";"55,8";"21,1";"21,952"
"1692277200";"17.08.2023 16:00";"54,9";"22,6";"23,156"
"1692280800";"17.08.2023 17:00";"41,2";"23,1";"14,842"
"1692284400";"17.08.2023 18:00";"24";"19,2";"15,879"
"1692288000";"17.08.2023 19:00";"13,9";"14,1";"11,475"
"1692291600";"17.08.2023 20:00";"13,6";"13,6";"14,07"
"1692295200";"17.08.2023 21:00";"19,2";"14,5";"17,723"
"1692298800";"17.08.2023 22:00";"25,5";"16,7";"17,064"
"1692302400";"17.08.2023 23:00";"27";"19,1";"21,532"
"1692306000";"18.08.2023 00:00";"33,4";"20,2";"21,613"
"1692309600";"18.08.2023 01:00";"25,1";"24";"21,412"
"1692313200";"18.08.2023 02:00";"40,3";"26,4";"28,982"
"1692316800";"18.08.2023 03:00";"58,4";"35,8";"38,857"
"1692320400";"18.08.2023 04:00";"71,3";"45";"43,92"
"1692324000";"18.08.2023 05:00";"66,3";"51";"49,856"
"1692327600";"18.08.2023 06:00";"62,9";"46";"54,549"
"1692331200";"18.08.2023 07:00";"54";"45,9";"54,277"
"1692334800";"18.08.2023 08:00";"60";"47,9";"41,192"
"1692338400";"18.08.2023 09:00";"53,7";"40,2";"33,37"
"1692342000";"18.08.2023 10:00";"48";"40,1";"33,679"
"1692345600";"18.08.2023 11:00";"49,3";"38,1";"38,309"
"1692349200";"18.08.2023 12:00";"76,8";"39,8";"61,089"
"1692352800";"18.08.2023 13:00";"77,4";"60,9";"65,918"
"1692356400";"18.08.2023 14:00";"98,5";"65,5";"65,915"
"1692360000";"18.08.2023 15:00";"113,7";"59,9";"73,325"
"1692363600";"18.08.2023 16:00";"97,6";"63,7";"74,694"
"1692367200";"18.08.2023 17:00";"92,4";"80,1";"76,6"
"1692370800";"18.08.2023 18:00";"94,2";"87,1";"81,784"
"1692374400";"18.08.2023 19:00";"110,9";"83,9";"91,268"
"1692378000";"18.08.2023 20:00";"117";"89,7";"93,541"
"1692381600";"18.08.2023 21:00";"136";"95,8";"103,924"
"1692385200";"18.08.2023 22:00";"126,4";"101,5";"98,927"
"1692388800";"18.08.2023 23:00";"99,7";"90,6";"103,954"
"1692392400";"19.08.2023 00:00";"86,8";"81,3";"99,07"
"1692396000";"19.08.2023 01:00";"77,3";"75,6";"88,495"
"1692399600";"19.08.2023 02:00";"67,4";"66,1";"78,385"
"1692403200";"19.08.2023 03:00";"63,1";"57,3";"77,537"
"1692406800";"19.08.2023 04:00";"56,2";"59,8";"68,093"
"1692410400";"19.08.2023 05:00";"49,1";"56,4";"61,601"
"1692414000";"19.08.2023 06:00";"43";"50,9";"50,085"
"1692417600";"19.08.2023 07:00";"32,5";"43,5";"44,493"
"1692421200";"19.08.2023 08:00";"25,5";"38,2";"36,356"
"1692424800";"19.08.2023 09:00";"34,3";"33,7";"34,219"
"1692428400";"19.08.2023 10:00";"29";"38,2";"25,901"
"1692432000";"19.08.2023 11:00";"27,6";"35,9";"28,277"
"1692435600";"19.08.2023 12:00";"26,1";"34,9";"29,081"
"1692439200";"19.08.2023 13:00";"19,2";"34,5";"31,077"
"1692442800";"19.08.2023 14:00";"23,5";"33,9";"34,016"
"1692446400";"19.08.2023 15:00";"26,3";"33,1";"38,179"
"1692450000";"19.08.2023 16:00";"29,4";"35,1";"32,886"
"1692453600";"19.08.2023 17:00";"30,3";"39,7";"55,963"
"1692457200";"19.08.2023 18:00";"29,9";"36,3";"55,337"
"1692460800";"19.08.2023 19:00";"34,5";"38";"61,192"
"1692464400";"19.08.2023 20:00";"38";"45,8";"64,152"
"1692468000";"19.08.2023 21:00";"41,5";"41,4";"77,374"
"1692471600";"19.08.2023 22:00";"48,8";"38,9";"61,658"
"1692475200";"19.08.2023 23:00";"50,7";"36,7";"63,358"
"1692478800";"20.08.2023 00:00";"52,5";"41,5";"55,769"
"1692482400";"20.08.2023 01:00";"45,9";"43,9";"59,272"
"1692486000";"20.08.2023 02:00";"44,1";"43,5";"52,976"
"1692489600";"20.08.2023 03:00";"44,5";"41,9";"53,587"
"1692493200";"20.08.2023 04:00";"52,4";"39,7";"51,301"
"1692496800";"20.08.2023 05:00";"53,8";"48,7";"55,506"
"1692500400";"20.08.2023 06:00";"50,8";"50,7";"48,577"
"1692504000";"20.08.2023 07:00";"43,9";"49,4";"45,27"
"1692507600";"20.08.2023 08:00";"43,3";"42,2";"42,353"
"1692511200";"20.08.2023 09:00";"34,9";"37,7";"36,853"
"1692514800";"20.08.2023 10:00";"26,4";"34,5";"34,009"
"1692518400";"20.08.2023 11:00";"29,6";"27,6";"34,624"
"1692522000";"20.08.2023 12:00";"39,4";"34,8";"29,36"
"1692525600";"20.08.2023 13:00";"41,5";"36,1";"34,959"
"1692529200";"20.08.2023 14:00";"43,9";"35,8";"31,033"
"1692532800";"20.08.2023 15:00";"51,9";"38,2";"34,127"
"1692536400";"20.08.2023 16:00";"45,6";"32,5";"33,478"
"1692540000";"20.08.2023 17:00";"32,9";"36,8";"37,425"
"1692543600";"20.08.2023 18:00";"24,9";"30,5";"29,709"
"1692547200";"20.08.2023 19:00";"21,8";"31,3";"34,609"
"1692550800";"20.08.2023 20:00";"16,2";"32,8";"31,84"
"1692554400";"20.08.2023 21:00";"20,5";"28,4";"39,235"
"1692558000";"20.08.2023 22:00";"27,7";"33,2";"30,444"
"1692561600";"20.08.2023 23:00";"24,5";"26,2";"31,106"
"1692565200";"21.08.2023 00:00";"21";"24,3";"21,564"
"1692568800";"21.08.2023 01:00";"19";"21,4";"19,138"
"1692572400";"21.08.2023 02:00";"20,9";"19,2";"20,197"
"1692576000";"21.08.2023 03:00";"26,4";"15,6";"17,999"
"1692579600";"21.08.2023 04:00";"20,4";"13,5";"13,327"
"1692583200";"21.08.2023 05:00";"19,1";"11,4";"15,254"
"1692586800";"21.08.2023 06:00";"17,6";"9";"11,42"
"1692590400";"21.08.2023 07:00";"13,5";"17,6";"9,35"
"1692594000";"21.08.2023 08:00";"14,6";"14,6";"6,304"
"1692597600";"21.08.2023 09:00";"15,9";"12,7";"5,035"
"1692601200";"21.08.2023 10:00";"17,7";"12,3";"4,72"
"1692604800";"21.08.2023 11:00";"21";"12,3";"6,874"
"1692608400";"21.08.2023 12:00";"21,7";"14,6";"10,739"
"1692612000";"21.08.2023 13:00";"32,1";"18,4";"18,246"
"1692615600";"21.08.2023 14:00";"34";"21,4";"13,129"
"1692619200";"21.08.2023 15:00";"36,5";"25,4";"19,997"
"1692622800";"21.08.2023 16:00";"54,7";"28,1";"23,391"
"1692626400";"21.08.2023 17:00";"53";"28,6";"25,219"
"1692630000";"21.08.2023 18:00";"48,3";"38,8";"19,589"
"1692633600";"21.08.2023 19:00";"33,5";"36,7";"24,572"
"1692637200";"21.08.2023 20:00";"33,3";"33,7";"29,838"
"1692640800";"21.08.2023 21:00";"49";"30";"32,444"
"1692644400";"21.08.2023 22:00";"58,9";"40,2";"28,46"
"1692648000";"21.08.2023 23:00";"65,6";"50,4";"29,447"
"1692651600";"22.08.2023 00:00";"60,2";"49";"36,245"
"1692655200";"22.08.2023 01:00";"45";"39,2";"32,936"
"1692658800";"22.08.2023 02:00";"45,5";"35,3";"37,031"
"1692662400";"22.08.2023 03:00";"52,1";"34,8";"31,99"
"1692666000";"22.08.2023 04:00";"50,6";"32,1";"30,456"
"1692669600";"22.08.2023 05:00";"49,1";"33,5";"31,841"
"1692673200";"22.08.2023 06:00";"57";"37";"31,024"
"1692676800";"22.08.2023 07:00";"55,3";"33,7";"31,182"
"1692680400";"22.08.2023 08:00";"46,6";"34,4";"28,475"
"1692684000";"22.08.2023 09:00";"46,7";"35,7";"24,79"
"1692687600";"22.08.2023 10:00";"61";"34,6";"27,479"
"1692691200";"22.08.2023 11:00";"77,5";"47,7";"36,647"
"1692694800";"22.08.2023 12:00";"75,9";"58,7";"38,186"
"1692698400";"22.08.2023 13:00";"93,9";"62,5";"49,394"
"1692702000";"22.08.2023 14:00";"102,5";"62";"44,621"
"1692705600";"22.08.2023 15:00";"107";"60,6";"50,666"
"1692709200";"22.08.2023 16:00";"105,1";"59,2";"56,157"
"1692712800";"22.08.2023 17:00";"87,5";"61,4";"55,122"
"1692716400";"22.08.2023 18:00";"75";"51,6";"54,328"
"1692720000";"22.08.2023 19:00";"74,2";"45,4";"50,576"
"1692723600";"22.08.2023 20:00";"69,6";"44,4";"42,212"
"1692727200";"22.08.2023 21:00";"63,4";"40,3";"41,132"
"1692730800";"22.08.2023 22:00";"70,5";"40,5";"42,247"
"1692734400";"22.08.2023 23:00";"68,6";"40,7";"39,837"
"1692738000";"23.08.2023 00:00";"66,6";"40,8";"40,12"
"1692741600";"23.08.2023 01:00";"65,5";"44,1";"37,973"
"1692745200";"23.08.2023 02:00";"58,3";"44,4";"38,416"
"1692748800";"23.08.2023 03:00";"57,8";"43";"39,359"
"1692752400";"23.08.2023 04:00";"53,7";"40,6";"34,728"
"1692756000";"23.08.2023 05:00";"54,5";"34,5";"32,567"
"1692759600";"23.08.2023 06:00";"53,4";"28,2";"28,104"
"1692763200";"23.08.2023 07:00";"56,5";"24,6";"28,984"
"1692766800";"23.08.2023 08:00";"43,8";"22,3";"19,262"
"1692770400";"23.08.2023 09:00";"38,8";"18,3";"19,916"
"1692774000";"23.08.2023 10:00";"36";"17,4";"17,334"
"1692777600";"23.08.2023 11:00";"41,8";"15,8";"20,041"
"1692781200";"23.08.2023 12:00";"46,1";"17,7";"14,205"
"1692784800";"23.08.2023 13:00";"45,8";"21,9";"15,339"
"1692788400";"23.08.2023 14:00";"52,8";"22,7";"20,951"
"1692792000";"23.08.2023 15:00";"50,9";"33,7";"22,615"
"1692795600";"23.08.2023 16:00";"47,9";"25,1";"22,823"
"1692799200";"23.08.2023 17:00";"42,8";"21,6";"19,651"
"1692802800";"23.08.2023 18:00";"37,1";"16";"17,827"
"1692806400";"23.08.2023 19:00";"26,1";"12,5";"17,046"
"1692810000";"23.08.2023 20:00";"24,4";"10,1";"14,034"
"1692813600";"23.08.2023 21:00";"28,5";"10,2";"14,632"
"1692817200";"23.08.2023 22:00";"28,6";"11,6";"12,724"
"1692820800";"23.08.2023 23:00";"26,6";"11,6";"14,419"
"1692824400";"24.08.2023 00:00";"16";"12,2";"12,845"
"1692828000";"24.08.2023 01:00";"10,9";"9";"12,421"
"1692831600";"24.08.2023 02:00";"11";"8,6";"10,608"
"1692835200";"24.08.2023 03:00";"14,1";"9,1";"9,956"
"1692838800";"24.08.2023 04:00";"12,6";"8,3";"9,973"
"1692842400";"24.08.2023 05:00";"13,4";"8,2";"9,586"
"1692846000";"24.08.2023 06:00";"13,9";"7,4";"7,544"
"1692849600";"24.08.2023 07:00";"17";"5,6";"7,483"
"1692853200";"24.08.2023 08:00";"16";"4,7";"5,135"
"1692856800";"24.08.2023 09:00";"20,9";"3,1";"6,303"
"1692860400";"24.08.2023 10:00";"21,1";"2,7";"3,659"
"1692864000";"24.08.2023 11:00";"26,8";"3,7";"4,557"
"1692867600";"24.08.2023 12:00";"35,5";"5";"5,563"
"1692871200";"24.08.2023 13:00";"36,4";"6";"5,512"
"1692874800";"24.08.2023 14:00";"40,5";"7,5";"4,629"
"1692878400";"24.08.2023 15:00";"39,3";"6,9";"6,314"
"1692882000";"24.08.2023 16:00";"35,9";"7,9";"7,64"
"1692885600";"24.08.2023 17:00";"26,3";"8,8";"9,638"
"1692889200";"24.08.2023 18:00";"30";"7,2";"10,523"
"1692892800";"24.08.2023 19:00";"36,8";"7,8";"8,947"
"1692896400";"24.08.2023 20:00";"23,4";"11,4";"7,967"
"1692900000";"24.08.2023 21:00";"20,3";"10,6";"10,319"
"1692903600";"24.08.2023 22:00";"23,4";"9,1";"11,887"
"1692907200";"24.08.2023 23:00";"25,6";"11";"11,106"
"1692910800";"25.08.2023 00:00";"27,4";"10,1";"10,956"
"1692914400";"25.08.2023 01:00";"27,3";"10,6";"11,457"
"1692918000";"25.08.2023 02:00";"21,6";"9,1";"8,952"
"1692921600";"25.08.2023 03:00";"12,1";"10,8";"9,197"
"1692925200";"25.08.2023 04:00";"14,4";"5,5";"8,217"
"1692928800";"25.08.2023 05:00";"13,9";"5,8";"6,837"
"1692932400";"25.08.2023 06:00";"9,6";"4,9";"5,26"
"1692936000";"25.08.2023 07:00";"13,4";"3,4";"3,331"
"1692939600";"25.08.2023 08:00";"16,2";"2,1";"3,305"
"1692943200";"25.08.2023 09:00";"21,2";"2,6";"3,853"
"1692946800";"25.08.2023 10:00";"26,8";"2,5";"3,201"
"1692950400";"25.08.2023 11:00";"30,5";"2,3";"3,967"
"1692954000";"25.08.2023 12:00";"31,5";"3,4";"5,114"
"1692957600";"25.08.2023 13:00";"32,5";"3,6";"6,703"
"1692961200";"25.08.2023 14:00";"32,8";"4,5";"5,256"
"1692964800";"25.08.2023 15:00";"30,5";"6,1";"5,313"
"1692968400";"25.08.2023 16:00";"22,7";"6,6";"5,542"
"1692972000";"25.08.2023 17:00";"15,8";"6,9";"6,055"
"1692975600";"25.08.2023 18:00";"11,7";"5,6";"6,207"
"1692979200";"25.08.2023 19:00";"8,2";"5";"7,085"
"1692982800";"25.08.2023 20:00";"8,3";"4,7";"6,933"
"1692986400";"25.08.2023 21:00";"8,2";"5,2";"7,551"
"1692990000";"25.08.2023 22:00";"10,3";"10,9";"8,702"
"1692993600";"25.08.2023 23:00";"13,6";"7,9";"10,231"
"1692997200";"26.08.2023 00:00";"12,2";"10,7";"11,181"
"1693000800";"26.08.2023 01:00";"15,2";"15,3";"13,77"
"1693004400";"26.08.2023 02:00";"17,7";"13,3";"13,309"
"1693008000";"26.08.2023 03:00";"22,3";"19,7";"19,556"
"1693011600";"26.08.2023 04:00";"28,8";"18,5";"24,077"
"1693015200";"26.08.2023 05:00";"35,2";"21,3";"30,507"
"1693018800";"26.08.2023 06:00";"49,6";"23,8";"31,479"
"1693022400";"26.08.2023 07:00";"57,1";"24,9";"35,65"
"1693026000";"26.08.2023 08:00";"60,7";"22,6";"31,056"
"1693029600";"26.08.2023 09:00";"55,8";"23";"24,256"
"1693033200";"26.08.2023 10:00";"54,3";"25,2";"23,546"
"1693036800";"26.08.2023 11:00";"57,8";"29,8";"26,11"
"1693040400";"26.08.2023 12:00";"61,8";"36,4";"38,57"
"1693044000";"26.08.2023 13:00";"55,5";"38,1";"41,178"
"1693047600";"26.08.2023 14:00";"62,8";"39,3";"46,477"
"1693051200";"26.08.2023 15:00";"70,4";"40,7";"47,451"
"1693054800";"26.08.2023 16:00";"74,8";"45,3";"53,236"
"1693058400";"26.08.2023 17:00";"64,6";"48,2";"53,55"
"1693062000";"26.08.2023 18:00";"55,3";"45,4";"54,769"
"1693065600";"26.08.2023 19:00";"54,9";"50,6";"59,214"
"1693069200";"26.08.2023 20:00";"62,2";"52,2";"59,633"
"1693072800";"26.08.2023 21:00";"73,3";"57,6";"70,27"
"1693076400";"26.08.2023 22:00";"76";"60,6";"60,101"
"1693080000";"26.08.2023 23:00";"57,2";"59,2";"55,194"
"1693083600";"27.08.2023 00:00";"53,9";"57,9";"53,343"
"1693087200";"27.08.2023 01:00";"54,8";"51,9";"52,003"
"1693090800";"27.08.2023 02:00";"41,8";"47,7";"39,579"
"1693094400";"27.08.2023 03:00";"36,6";"39,9";"36,986"
"1693098000";"27.08.2023 04:00";"31,2";"34,7";"34,524"
"1693101600";"27.08.2023 05:00";"26,3";"29,9";"27,082"
"1693105200";"27.08.2023 06:00";"23,6";"28,4";"20,134"
"1693108800";"27.08.2023 07:00";"19";"23";"16,581"
"1693112400";"27.08.2023 08:00";"22";"17,4";"11,027"
"1693116000";"27.08.2023 09:00";"26";"14,7";"10,979"
"1693119600";"27.08.2023 10:00";"23,6";"16";"10,387"
"1693123200";"27.08.2023 11:00";"19,9";"18";"11,695"
"1693126800";"27.08.2023 12:00";"24,6";"19,7";"10,227"
"1693130400";"27.08.2023 13:00";"36,4";"17,1";"9,983"
"1693134000";"27.08.2023 14:00";"31,7";"19,1";"11,456"
"1693137600";"27.08.2023 15:00";"34,3";"16,1";"11,879"
"1693141200";"27.08.2023 16:00";"28";"14,9";"12,805"
"1693144800";"27.08.2023 17:00";"20,5";"10,9";"8,824"
"1693148400";"27.08.2023 18:00";"16,7";"9,1";"6,47"
"1693152000";"27.08.2023 19:00";"11,7";"6,7";"7,016"
"1693155600";"27.08.2023 20:00";"11,5";"7,1";"6,174"
"1693159200";"27.08.2023 21:00";"8,1";"4,4";"6,954"
"1693162800";"27.08.2023 22:00";"4,3";"2,9";"7,259"
"1693166400";"27.08.2023 23:00";"3,8";"2,9";"11,268"
"1693170000";"28.08.2023 00:00";"5,3";"7,2";"6,205"
"1693173600";"28.08.2023 01:00";"8,2";"5,2";"8,09"
"1693177200";"28.08.2023 02:00";"10";"7,8";"9,909"
"1693180800";"28.08.2023 03:00";"12,3";"9,8";"13,636"
"1693184400";"28.08.2023 04:00";"22,2";"11,8";"14,065"
"1693188000";"28.08.2023 05:00";"28,3";"14,7";"13,604"
"1693191600";"28.08.2023 06:00";"32,4";"17,6";"16,822"
"1693195200";"28.08.2023 07:00";"39,3";"24,5";"16,485"
"1693198800";"28.08.2023 08:00";"47,9";"29";"30,665"
"1693202400";"28.08.2023 09:00";"65,9";"41,2";"44,936"
"1693206000";"28.08.2023 10:00";"92,5";"62";"59,987"
"1693209600";"28.08.2023 11:00";"112,6";"97,3";"88,635"
"1693213200";"28.08.2023 12:00";"134,7";"126,2";"137,263"
"1693216800";"28.08.2023 13:00";"153,4";"150,2";"182,941"
"1693220400";"28.08.2023 14:00";"200";"152,3";"172,385"
"1693224000";"28.08.2023 15:00";"253,5";"191";"193,411"
"1693227600";"28.08.2023 16:00";"308,4";"228,6";"190,79"
"1693231200";"28.08.2023 17:00";"301,7";"251,9";"190,558"
"1693234800";"28.08.2023 18:00";"293,9";"232,7";"205,499"
"1693238400";"28.08.2023 19:00";"254,8";"212,3";"196,808"
"1693242000";"28.08.2023 20:00";"216,8";"194";"186,385"
"1693245600";"28.08.2023 21:00";"205,1";"169,9";"167,067"
"1693249200";"28.08.2023 22:00";"183,6";"146,8";"143,392"
"1693252800";"28.08.2023 23:00";"162,8";"127,3";"126,293"
"1693256400";"29.08.2023 00:00";"126,4";"109,8";"112,965"
"1693260000";"29.08.2023 01:00";"116,3";"88,1";"82,172"
"1693263600";"29.08.2023 02:00";"101,6";"78,5";"84,959"
"1693267200";"29.08.2023 03:00";"93,2";"67,6";"69,731"
"1693270800";"29.08.2023 04:00";"81,3";"60";"63,608"
"1693274400";"29.08.2023 05:00";"76";"57,3";"53,006"
"1693278000";"29.08.2023 06:00";"81,1";"50";"45,965"
"1693281600";"29.08.2023 07:00";"69,1";"51,4";"45,925"
"1693285200";"29.08.2023 08:00";"54";"41,1";"33,191"
"1693288800";"29.08.2023 09:00";"49,2";"30,5";"36,06"
"1693292400";"29.08.2023 10:00";"49,9";"29,6";"32,734"
"1693296000";"29.08.2023 11:00";"51,4";"27,1";"27,851"
"1693299600";"29.08.2023 12:00";"56,9";"24,7";"24,225"
"1693303200";"29.08.2023 13:00";"50,2";"26,7";"21,725"
"1693306800";"29.08.2023 14:00";"35,2";"24,2";"16,303"
"1693310400";"29.08.2023 15:00";"33,9";"17,8";"15,324"
"1693314000";"29.08.2023 16:00";"38,3";"13";"14,583"
"1693317600";"29.08.2023 17:00";"26,2";"11,2";"14,26"
"1693321200";"29.08.2023 18:00";"20,5";"8,9";"11,229"
"1693324800";"29.08.2023 19:00";"16,7";"6,5";"13,168"
"1693328400";"29.08.2023 20:00";"19,6";"7,3";"10,608"
"1693332000";"29.08.2023 21:00";"20,7";"10,1";"12,127"
"1693335600";"29.08.2023 22:00";"26";"12,7";"14,395"
"1693339200";"29.08.2023 23:00";"23,7";"14,6";"16,299"
"1693342800";"30.08.2023 00:00";"25,4";"17,3";"17,437"
"1693346400";"30.08.2023 01:00";"39,6";"24,6";"19,993"
"1693350000";"30.08.2023 02:00";"49";"33,2";"26,366"
"1693353600";"30.08.2023 03:00";"64,9";"46,4";"34,141"
"1693357200";"30.08.2023 04:00";"76,5";"68,2";"50,071"
"1693360800";"30.08.2023 05:00";"94,6";"79,6";"65,753"
"1693364400";"30.08.2023 06:00";"149";"81,5";"72,443"
"1693368000";"30.08.2023 07:00";"113,6";"94,2";"75,319"
"1693371600";"30.08.2023 08:00";"92,5";"87,9";"67,112"
"1693375200";"30.08.2023 09:00";"110";"62,3";"64,15"
"1693378800";"30.08.2023 10:00";"145";"69,9";"61,431"
"1693382400";"30.08.2023 11:00";"153,9";"79";"51,337"
"1693386000";"30.08.2023 12:00";"130";"88,5";"43,317"
"1693389600";"30.08.2023 13:00";"105,3";"78,1";"41,333"
"1693393200";"30.08.2023 14:00";"85,1";"65,6";"51,625"
"1693396800";"30.08.2023 15:00";"84,7";"56,8";"52,327"
"1693400400";"30.08.2023 16:00";"60,9";"45,9";"41,417"
"1693404000";"30.08.2023 17:00";"45,6";"35,7";"47,397"
"1693407600";"30.08.2023 18:00";"30,9";"29";"31,879"
"1693411200";"30.08.2023 19:00";"23,5";"22,2";"29,423"
"1693414800";"30.08.2023 20:00";"25,3";"19,5";"23,937"
"1693418400";"30.08.2023 21:00";"21,1";"23,4";"19,397"
"1693422000";"30.08.2023 22:00";"22,6";"24,7";"11,688"
"1693425600";"30.08.2023 23:00";"23,5";"23,5";"11,532"
"1693429200";"31.08.2023 00:00";"56,5";"24,8";"11,681"
"1693432800";"31.08.2023 01:00";"76,1";"25,7";"19,505"
"1693436400";"31.08.2023 02:00";"44";"36,7";"22,551"
"1693440000";"31.08.2023 03:00";"42,5";"40,1";"22,697"
"1693443600";"31.08.2023 04:00";"60,8";"32,6";"40,663"
"1693447200";"31.08.2023 05:00";"47,6";"46,5";"45,181"
"1693450800";"31.08.2023 06:00";"53,1";"48,9";"36,208"
"1693454400";"31.08.2023 07:00";"58,7";"48,6";"43,229"
"1693458000";"31.08.2023 08:00";"74,4";"48,6";"40,203"
"1693461600";"31.08.2023 09:00";"79,7";"54,7";"44,726"
"1693465200";"31.08.2023 10:00";"87,9";"54,9";"52,483"
"1693468800";"31.08.2023 11:00";"92,9";"64,6";"64,424"
"1693472400";"31.08.2023 12:00";"89,6";"79,4";"70,37"
"1693476000";"31.08.2023 13:00";"108,6";"75,7";"82,638"
"1693479600";"31.08.2023 14:00";"124,7";"81,6";"97,274"
"1693483200";"31.08.2023 15:00";"125,8";"89,2";"110,17"
"1693486800";"31.08.2023 16:00";"146,4";"91,1";"92,636"
"1693490400";"31.08.2023 17:00";"100,1";"79,5";"67,442"
"1693494000";"31.08.2023 18:00";"65,2";"49,6";"43,514"
"1693497600";"31.08.2023 19:00";"41,9";"34,1";"31,231"
"1693501200";"31.08.2023 20:00";"26,7";"24,3";"25,394"
"1693504800";"31.08.2023 21:00";"21,5";"16,4";"24,162"
"1693508400";"31.08.2023 22:00";"12,2";"11,5";"13,851"
"1693512000";"31.08.2023 23:00";"9,8";"6,2";"14,501"
"1693515600";"01.09.2023 00:00";"8,6";"4,6";"9,606"
"1693519200";"01.09.2023 01:00";"9,1";"5";"11,601"
"1693522800";"01.09.2023 02:00";"10,5";"12";"8,889"
"1693526400";"01.09.2023 03:00";"17,4";"11,1";"11,357"
"1693530000";"01.09.2023 04:00";"19,3";"13,8";"11,187"
"1693533600";"01.09.2023 05:00";"29,8";"13,6";"14,251"
"1693537200";"01.09.2023 06:00";"39";"25,3";"20,143"
"1693540800";"01.09.2023 07:00";"66,1";"46,4";"27,12"
"1693544400";"01.09.2023 08:00";"83,7";"65,9";"34,19"
"1693548000";"01.09.2023 09:00";"116,4";"80,9";"47,073"
"1693551600";"01.09.2023 10:00";"139,2";"108,3";"66,852"
"1693555200";"01.09.2023 11:00";"152,7";"122,7";"69,356"
"1693558800";"01.09.2023 12:00";"137,5";"132,5";"92,008"
"1693562400";"01.09.2023 13:00";"138,7";"116,8";"89,574"
"1693566000";"01.09.2023 14:00";"144,6";"115,8";"95,268"
"1693569600";"01.09.2023 15:00";"136,4";"113";"88,221"
"1693573200";"01.09.2023 16:00";"122,3";"99,2";"81,912"
"1693576800";"01.09.2023 17:00";"104,8";"85,4";"76,459"
"1693580400";"01.09.2023 18:00";"76,1";"70,4";"59,472"
"1693584000";"01.09.2023 19:00";"51,9";"56,3";"43,386"
"1693587600";"01.09.2023 20:00";"57";"47,9";"44,194"
"1693591200";"01.09.2023 21:00";"68,5";"43,6";"59,47"
"1693594800";"01.09.2023 22:00";"82";"50,4";"47,4"
"1693598400";"01.09.2023 23:00";"78,3";"62";"58,027"
"1693602000";"02.09.2023 00:00";"91,8";"63,4";"52,377"
"1693605600";"02.09.2023 01:00";"90,3";"73,2";"53,438"
"1693609200";"02.09.2023 02:00";"93,8";"79,2";"52,812"
"1693612800";"02.09.2023 03:00";"83,6";"82,4";"53,564"
"1693616400";"02.09.2023 04:00";"82,7";"85,9";"61,465"
"1693620000";"02.09.2023 05:00";"90,2";"84,1";"66,158"
"1693623600";"02.09.2023 06:00";"95,7";"89,9";"55,622"
"1693627200";"02.09.2023 07:00";"101";"90";"55,881"
"1693630800";"02.09.2023 08:00";"85,5";"88,6";"42,836"
"1693634400";"02.09.2023 09:00";"74,5";"82,5";"44,264"
"1693638000";"02.09.2023 10:00";"79";"84";"44,393"
"1693641600";"02.09.2023 11:00";"92,6";"85,9";"51,041"
"1693645200";"02.09.2023 12:00";"87,5";"88";"50,441"
"1693648800";"02.09.2023 13:00";"117,5";"94,5";"54,553"
"1693652400";"02.09.2023 14:00";"159,1";"97,2";"70,38"
"1693656000";"02.09.2023 15:00";"153";"125,5";"79,433"
"1693659600";"02.09.2023 16:00";"143,5";"123,2";"86,524"
"1693663200";"02.09.2023 17:00";"133,9";"116,1";"77,744"
"1693666800";"02.09.2023 18:00";"109,9";"105";"71,831"
"1693670400";"02.09.2023 19:00";"86,1";"90,3";"60,018"
"1693674000";"02.09.2023 20:00";"79,6";"79,7";"58,016"
"1693677600";"02.09.2023 21:00";"66,8";"74,2";"58,63"
"1693681200";"02.09.2023 22:00";"77,2";"63";"43,93"
"1693684800";"02.09.2023 23:00";"76,4";"62";"41,704"
"1693688400";"03.09.2023 00:00";"60,1";"55,7";"39,066"
"1693692000";"03.09.2023 01:00";"55,8";"35,2";"34,842"
"1693695600";"03.09.2023 02:00";"56,2";"29,2";"37,904"
"1693699200";"03.09.2023 03:00";"52,3";"27,3";"33,54"
"1693702800";"03.09.2023 04:00";"33,8";"26,9";"30,321"
"1693706400";"03.09.2023 05:00";"30,1";"23";"24,633"
"1693710000";"03.09.2023 06:00";"25,3";"20";"20,781"
"1693713600";"03.09.2023 07:00";"23,6";"20";"14,517"
"1693717200";"03.09.2023 08:00";"26,8";"12,2";"7,47"
"1693720800";"03.09.2023 09:00";"27,6";"11,2";"7,741"
"1693724400";"03.09.2023 10:00";"36,4";"12,4";"4,493"
"1693728000";"03.09.2023 11:00";"43,8";"19,7";"6,099"
"1693731600";"03.09.2023 12:00";"43,4";"23";"9,385"
"1693735200";"03.09.2023 13:00";"47,9";"22,4";"10,665"
"1693738800";"03.09.2023 14:00";"47,2";"18,2";"12,174"
"1693742400";"03.09.2023 15:00";"39,2";"17,6";"9,496"
"1693746000";"03.09.2023 16:00";"33,4";"14,1";"11,537"
"1693749600";"03.09.2023 17:00";"32,1";"11,6";"12,177"
"1693753200";"03.09.2023 18:00";"21,9";"10,1";"11,143"
"1693756800";"03.09.2023 19:00";"17,8";"9,8";"8,849"
"1693760400";"03.09.2023 20:00";"18,7";"7,7";"11,264"
"1693764000";"03.09.2023 21:00";"23,1";"8,9";"10,861"
"1693767600";"03.09.2023 22:00";"30,7";"11,2";"9,373"
"1693771200";"03.09.2023 23:00";"27,8";"16,4";"11,583"
"1693774800";"04.09.2023 00:00";"28,8";"19,8";"11,495"
"1693778400";"04.09.2023 01:00";"36,2";"20,6";"13,683"
"1693782000";"04.09.2023 02:00";"42";"28,7";"17,145"
"1693785600";"04.09.2023 03:00";"56,3";"31,4";"19,749"
"1693789200";"04.09.2023 04:00";"46,6";"36,4";"29,729"
"1693792800";"04.09.2023 05:00";"38,6";"41,2";"33,774"
"1693796400";"04.09.2023 06:00";"42,1";"39";"41,177"
"1693800000";"04.09.2023 07:00";"52,3";"38,5";"42,206"
"1693803600";"04.09.2023 08:00";"58";"42,7";"34,171"
"1693807200";"04.09.2023 09:00";"64,2";"45,5";"35,436"
"1693810800";"04.09.2023 10:00";"62,6";"41,5";"34,717"
"1693814400";"04.09.2023 11:00";"60,9";"45,5";"32,538"
"1693818000";"04.09.2023 12:00";"62,1";"38,4";"39,927"
"1693821600";"04.09.2023 13:00";"61,1";"51,7";"38,744"
"1693825200";"04.09.2023 14:00";"69,1";"50,3";"38,163"
"1693828800";"04.09.2023 15:00";"70,9";"52,9";"38,218"
"1693832400";"04.09.2023 16:00";"61,3";"54,6";"42,771"
"1693836000";"04.09.2023 17:00";"61,7";"56,2";"38,711"
"1693839600";"04.09.2023 18:00";"54,1";"49,3";"37,438"
"1693843200";"04.09.2023 19:00";"63,7";"45,4";"45,276"
"1693846800";"04.09.2023 20:00";"84,4";"59,2";"56,866"
"1693850400";"04.09.2023 21:00";"99,4";"86,3";"74,786"
"1693854000";"04.09.2023 22:00";"102,6";"83,5";"71,502"
"1693857600";"04.09.2023 23:00";"110,4";"87,8";"86,09"
"1693861200";"05.09.2023 00:00";"116,5";"98,5";"103,737"
"1693864800";"05.09.2023 01:00";"114,2";"98,8";"97,389"
"1693868400";"05.09.2023 02:00";"117";"110,6";"107,984"
"1693872000";"05.09.2023 03:00";"120,4";"119,2";"115,113"
"1693875600";"05.09.2023 04:00";"125,7";"129,6";"119,407"
"1693879200";"05.09.2023 05:00";"139,5";"145,4";"123,435"
"1693882800";"05.09.2023 06:00";"133,9";"138,3";"111,614"
"1693886400";"05.09.2023 07:00";"131,5";"141,4";"113,381"
"1693890000";"05.09.2023 08:00";"138,2";"136,8";"110,989"
"1693893600";"05.09.2023 09:00";"159,9";"141,9";"127,144"
"1693897200";"05.09.2023 10:00";"179,2";"158,8";"128,522"
"1693900800";"05.09.2023 11:00";"176,9";"174,1";"149,609"
"1693904400";"05.09.2023 12:00";"194,1";"181,6";"163,822"
"1693908000";"05.09.2023 13:00";"192,2";"195,8";"165,473"
"1693911600";"05.09.2023 14:00";"177";"195,6";"165,976"
"1693915200";"05.09.2023 15:00";"182,3";"188,5";"164,451"
"1693918800";"05.09.2023 16:00";"198,6";"177,5";"157,716"
"1693922400";"05.09.2023 17:00";"203,4";"174,4";"153,354"
"1693926000";"05.09.2023 18:00";"175,5";"167,3";"130,702"
"1693929600";"05.09.2023 19:00";"144,2";"149,7";"111,503"
"1693933200";"05.09.2023 20:00";"141,5";"124,8";"112,007"
"1693936800";"05.09.2023 21:00";"120";"111,3";"102,101"
"1693940400";"05.09.2023 22:00";"108,8";"111,2";"94,474"
"1693944000";"05.09.2023 23:00";"93,4";"117,3";"100,535"
"1693947600";"06.09.2023 00:00";"81,3";"106,9";"94,466"
"1693951200";"06.09.2023 01:00";"89,4";"101,2";"92,584"
"1693954800";"06.09.2023 02:00";"110,5";"94,3";"85,542"
"1693958400";"06.09.2023 03:00";"94,9";"106,6";"80,025"
"1693962000";"06.09.2023 04:00";"103,3";"98,4";"76,795"
"1693965600";"06.09.2023 05:00";"103,1";"102,4";"76,219"
"1693969200";"06.09.2023 06:00";"108,9";"102,5";"81,59"
"1693972800";"06.09.2023 07:00";"116,8";"94,9";"78,118"
"1693976400";"06.09.2023 08:00";"121,1";"98,2";"76,583"
"1693980000";"06.09.2023 09:00";"118,9";"99,3";"79,943"
"1693983600";"06.09.2023 10:00";"131,2";"94,8";"83,733"
"1693987200";"06.09.2023 11:00";"132,1";"93,1";"81,556"
"1693990800";"06.09.2023 12:00";"133,6";"93,4";"109,597"
"1693994400";"06.09.2023 13:00";"128,3";"98,1";"114,142"
"1693998000";"06.09.2023 14:00";"127,5";"104,9";"111,88"
"1694001600";"06.09.2023 15:00";"142,6";"100,5";"115,779"
"1694005200";"06.09.2023 16:00";"139,7";"104,2";"106,439"
"1694008800";"06.09.2023 17:00";"119,5";"103,4";"92,125"
"1694012400";"06.09.2023 18:00";"86,4";"84,2";"77,382"
"1694016000";"06.09.2023 19:00";"63,7";"59,4";"67,34"
"1694019600";"06.09.2023 20:00";"76,9";"56,4";"60,749"
"1694023200";"06.09.2023 21:00";"78,4";"54,9";"62,993"
"1694026800";"06.09.2023 22:00";"66,8";"51,8";"51,849"
"1694030400";"06.09.2023 23:00";"50,6";"43,5";"42,16"
"1694034000";"07.09.2023 00:00";"32,2";"35,5";"32,956"
"1694037600";"07.09.2023 01:00";"21";"24,9";"25,474"
"1694041200";"07.09.2023 02:00";"13,9";"21,2";"18,452"
"1694044800";"07.09.2023 03:00";"10,8";"19";"16,382"
"1694048400";"07.09.2023 04:00";"6,9";"14,1";"7,517"
"1694052000";"07.09.2023 05:00";"6,4";"8";"10,676"
"1694055600";"07.09.2023 06:00";"10,5";"15,2";"12,065"
"1694059200";"07.09.2023 07:00";"20,7";"5,6";"12,842"
"1694062800";"07.09.2023 08:00";"28,5";"17,5";"6,578"
"1694066400";"07.09.2023 09:00";"30,1";"16,1";"5,235"
"1694070000";"07.09.2023 10:00";"34,4";"11,3";"9,325"
"1694073600";"07.09.2023 11:00";"37";"9,1";"11,263"
"1694077200";"07.09.2023 12:00";"44,4";"11,4";"14,836"
"1694080800";"07.09.2023 13:00";"45,5";"14,9";"16,999"
"1694084400";"07.09.2023 14:00";"47,2";"18,7";"18,765"
"1694088000";"07.09.2023 15:00";"49,2";"22,9";"23,146"
"1694091600";"07.09.2023 16:00";"46,7";"25,6";"24,991"
"1694095200";"07.09.2023 17:00";"34,1";"25,9";"30,213"
"1694098800";"07.09.2023 18:00";"29";"30,4";"25,424"
"1694102400";"07.09.2023 19:00";"28,2";"31,9";"32,851"
"1694106000";"07.09.2023 20:00";"40,6";"38,3";"34,587"
"1694109600";"07.09.2023 21:00";"51,9";"45,7";"42,897"
"1694113200";"07.09.2023 22:00";"64,4";"54,4";"44,389"
"1694116800";"07.09.2023 23:00";"75,3";"47,9";"50,385"
"1694120400";"08.09.2023 00:00";"77,6";"52,1";"54,439"
"1694124000";"08.09.2023 01:00";"86,8";"58,9";"57,926"
"1694127600";"08.09.2023 02:00";"97,8";"60";"60,354"
"1694131200";"08.09.2023 03:00";"84,7";"59,6";"60,654"
"1694134800";"08.09.2023 04:00";"83,6";"60,2";"61,543"
"1694138400";"08.09.2023 05:00";"76,9";"59,8";"57,043"
"1694142000";"08.09.2023 06:00";"67,9";"53";"50,609"
"1694145600";"08.09.2023 07:00";"69,5";"41,3";"44,621"
"1694149200";"08.09.2023 08:00";"64,4";"37,7";"27,687"
"1694152800";"08.09.2023 09:00";"49,5";"29,7";"21,611"
"1694156400";"08.09.2023 10:00";"36,8";"22,6";"18,035"
"1694160000";"08.09.2023 11:00";"32,4";"19,1";"13,855"
"1694163600";"08.09.2023 12:00";"32,6";"20";"18,247"
"1694167200";"08.09.2023 13:00";"29,6";"14,7";"16,696"
"1694170800";"08.09.2023 14:00";"24,5";"13,9";"12,901"
"1694174400";"08.09.2023 15:00";"23,1";"11,3";"12,852"
"1694178000";"08.09.2023 16:00";"19,3";"9,7";"11,283"
"1694181600";"08.09.2023 17:00";"16,3";"7,2";"8,893"
"1694185200";"08.09.2023 18:00";"11,8";"5,5";"9,073"
"1694188800";"08.09.2023 19:00";"13,5";"4,4";"8,322"
"1694192400";"08.09.2023 20:00";"19,3";"4,4";"8,267"
"1694196000";"08.09.2023 21:00";"20,6";"5,4";"8,395"
"1694199600";"08.09.2023 22:00";"19";"6,9";"6,017"
"1694203200";"08.09.2023 23:00";"16,5";"7,7";"7,461"
"1694206800";"09.09.2023 00:00";"14,7";"8,6";"8,428"
"1694210400";"09.09.2023 01:00";"14,2";"9,3";"10,482"
"1694214000";"09.09.2023 02:00";"15,1";"7,7";"9,646"
"1694217600";"09.09.2023 03:00";"13,3";"7,5";"10,087"
"1694221200";"09.09.2023 04:00";"12,5";"7,3";"11,3"
"1694224800";"09.09.2023 05:00";"14,3";"5,8";"11,183"
"1694228400";"09.09.2023 06:00";"22,4";"11,8";"11,168"
"1694232000";"09.09.2023 07:00";"20,5";"8,3";"9,401"
"1694235600";"09.09.2023 08:00";"23,4";"10,3";"5,66"
"1694239200";"09.09.2023 09:00";"15,5";"7,6";"4,564"
"1694242800";"09.09.2023 10:00";"16";"4,9";"4,809"
"1694246400";"09.09.2023 11:00";"19,1";"3,7";"5,332"
"1694250000";"09.09.2023 12:00";"18,9";"4,8";"7,974"
"1694253600";"09.09.2023 13:00";"20,1";"5,6";"8,948"
"1694257200";"09.09.2023 14:00";"22,7";"7,4";"7,819"
"1694260800";"09.09.2023 15:00";"23,9";"9,7";"9,881"
"1694264400";"09.09.2023 16:00";"22,6";"19,7";"9,977"
"1694268000";"09.09.2023 17:00";"23,9";"16,2";"9,522"
"1694271600";"09.09.2023 18:00";"20";"20,6";"11,655"
"1694275200";"09.09.2023 19:00";"17,8";"16";"18,891"
"1694278800";"09.09.2023 20:00";"22,1";"19,1";"27,794"
"1694282400";"09.09.2023 21:00";"33,3";"26,4";"36,331"
"1694286000";"09.09.2023 22:00";"50,3";"33,8";"39,925"
"1694289600";"09.09.2023 23:00";"60";"44,7";"50,479"
"1694293200";"10.09.2023 00:00";"61,2";"62,9";"46,96"
"1694296800";"10.09.2023 01:00";"72";"66";"56,179"
"1694300400";"10.09.2023 02:00";"81,7";"64,2";"53,478"
"1694304000";"10.09.2023 03:00";"80";"68,3";"59,799"
"1694307600";"10.09.2023 04:00";"81,5";"65,3";"63,541"
"1694311200";"10.09.2023 05:00";"74,3";"65";"63,227"
"1694314800";"10.09.2023 06:00";"70,9";"56,4";"58,668"
"1694318400";"10.09.2023 07:00";"70,2";"52,8";"55,727"
"1694322000";"10.09.2023 08:00";"65,4";"46,8";"46,879"
"1694325600";"10.09.2023 09:00";"52,4";"42,1";"36,623"
"1694329200";"10.09.2023 10:00";"46,1";"38,1";"27,499"
"1694332800";"10.09.2023 11:00";"46,6";"38,3";"28,41"
"1694336400";"10.09.2023 12:00";"51,2";"39,8";"32,244"
"1694340000";"10.09.2023 13:00";"59,3";"41,3";"32,007"
"1694343600";"10.09.2023 14:00";"69,3";"41,7";"30,756"
"1694347200";"10.09.2023 15:00";"59,6";"46,4";"29,574"
"1694350800";"10.09.2023 16:00";"58,4";"43,5";"28,783"
"1694354400";"10.09.2023 17:00";"50,4";"42,1";"30,829"
"1694358000";"10.09.2023 18:00";"45,8";"39,2";"35,577"
"1694361600";"10.09.2023 19:00";"52,2";"41,1";"41,59"
"1694365200";"10.09.2023 20:00";"51,7";"47";"40,65"
"1694368800";"10.09.2023 21:00";"52,8";"50,5";"42,177"
"1694372400";"10.09.2023 22:00";"59,2";"46,7";"34,615"
"1694376000";"10.09.2023 23:00";"55,3";"43,9";"29,585"
"1694379600";"11.09.2023 00:00";"47";"35,9";"26,073"
"1694383200";"11.09.2023 01:00";"37,4";"28,5";"19,705"
"1694386800";"11.09.2023 02:00";"31,7";"24,2";"22,774"
"1694390400";"11.09.2023 03:00";"27,6";"20,8";"19,334"
"1694394000";"11.09.2023 04:00";"19,5";"13,6";"17,233"
"1694397600";"11.09.2023 05:00";"13,7";"11";"16,4"
"1694401200";"11.09.2023 06:00";"13,6";"12,2";"14,259"
"1694404800";"11.09.2023 07:00";"14,6";"5,6";"12,132"
"1694408400";"11.09.2023 08:00";"18,6";"5";"7,423"
"1694412000";"11.09.2023 09:00";"25,3";"3,8";"4,878"
"1694415600";"11.09.2023 10:00";"26,8";"13,8";"4,711"
"1694419200";"11.09.2023 11:00";"30,6";"13,5";"4,451"
"1694422800";"11.09.2023 12:00";"33,7";"8,2";"7,469"
"1694426400";"11.09.2023 13:00";"31,7";"9";"8,606"
"1694430000";"11.09.2023 14:00";"29,4";"5,2";"7,246"
"1694433600";"11.09.2023 15:00";"23,8";"5,3";"7,23"
"1694437200";"11.09.2023 16:00";"19,8";"4,9";"5,767"
"1694440800";"11.09.2023 17:00";"16,2";"4,5";"8,119"
"1694444400";"11.09.2023 18:00";"14,1";"6,5";"10,319"
"1694448000";"11.09.2023 19:00";"19,9";"10,6";"18,737"
"1694451600";"11.09.2023 20:00";"36,4";"29,8";"23,115"
"1694455200";"11.09.2023 21:00";"52,9";"35,2";"30,337"
"1694458800";"11.09.2023 22:00";"58,6";"33";"31,367"
"1694462400";"11.09.2023 23:00";"55,1";"34";"38,262"
"1694466000";"12.09.2023 00:00";"46,8";"37,9";"35,491"
"1694469600";"12.09.2023 01:00";"42,5";"39";"39,553"
"1694473200";"12.09.2023 02:00";"35,5";"39,2";"37,936"
"1694476800";"12.09.2023 03:00";"34,2";"36";"38,904"
"1694480400";"12.09.2023 04:00";"29,3";"35,7";"35,845"
"1694484000";"12.09.2023 05:00";"27,9";"32,1";"32,061"
"1694487600";"12.09.2023 06:00";"30,6";"29,4";"28,128"
"1694491200";"12.09.2023 07:00";"40";"32,8";"26,855"
"1694494800";"12.09.2023 08:00";"39,9";"30,6";"30,574"
"1694498400";"12.09.2023 09:00";"31,2";"19,4";"16,202"
"1694502000";"12.09.2023 10:00";"31,9";"18,3";"17,822"
"1694505600";"12.09.2023 11:00";"42,5";"20,6";"19,897"
"1694509200";"12.09.2023 12:00";"48";"27,2";"27,742"
"1694512800";"12.09.2023 13:00";"56,1";"31,8";"32,576"
"1694516400";"12.09.2023 14:00";"56,8";"36,9";"35,236"
"1694520000";"12.09.2023 15:00";"63,7";"40,7";"37,435"
"1694523600";"12.09.2023 16:00";"56,6";"41,7";"33,926"
"1694527200";"12.09.2023 17:00";"47,4";"40,3";"31"
"1694530800";"12.09.2023 18:00";"38,9";"41,7";"36,623"
"1694534400";"12.09.2023 19:00";"53,3";"45,2";"50,469"
"1694538000";"12.09.2023 20:00";"82,1";"54,3";"59,249"
"1694541600";"12.09.2023 21:00";"109,6";"67,8";"69,481"
"1694545200";"12.09.2023 22:00";"106,8";"85,1";"68,664"
"1694548800";"12.09.2023 23:00";"119,5";"87";"68,788"
"1694552400";"13.09.2023 00:00";"91,9";"90,2";"68,984"
"1694556000";"13.09.2023 01:00";"76,9";"77,2";"63,705"
"1694559600";"13.09.2023 02:00";"73,7";"67,4";"61,04"
"1694563200";"13.09.2023 03:00";"63,5";"62";"56,596"
"1694566800";"13.09.2023 04:00";"50,6";"52,6";"43,198"
"1694570400";"13.09.2023 05:00";"43,9";"48,7";"41,774"
"1694574000";"13.09.2023 06:00";"39,2";"37,6";"37,262"
"1694577600";"13.09.2023 07:00";"37,9";"30,1";"34,522"
"1694581200";"13.09.2023 08:00";"30,7";"22,1";"27,812"
"1694584800";"13.09.2023 09:00";"21,3";"18,7";"22,486"
"1694588400";"13.09.2023 10:00";"20,3";"13,4";"18,068"
"1694592000";"13.09.2023 11:00";"18,2";"12,6";"15,081"
"1694595600";"13.09.2023 12:00";"20";"11,5";"12,738"
"1694599200";"13.09.2023 13:00";"26,3";"11,2";"16,281"
"1694602800";"13.09.2023 14:00";"24,5";"11,8";"8,877"
"1694606400";"13.09.2023 15:00";"28,6";"10,8";"13,411"
"1694610000";"13.09.2023 16:00";"24,5";"11,2";"5,464"
"1694613600";"13.09.2023 17:00";"16,8";"8,5";"6,678"
"1694617200";"13.09.2023 18:00";"18,3";"7,4";"8,169"
"1694620800";"13.09.2023 19:00";"21";"11";"15,479"
"1694624400";"13.09.2023 20:00";"35,8";"20,1";"23,461"
"1694628000";"13.09.2023 21:00";"51,5";"42,3";"32,707"
"1694631600";"13.09.2023 22:00";"94";"62,9";"43,489"
"1694635200";"13.09.2023 23:00";"135,9";"80,5";"54,361"
"1694638800";"14.09.2023 00:00";"148,3";"99,8";"81,128"
"1694642400";"14.09.2023 01:00";"143";"114,5";"95,233"
"1694646000";"14.09.2023 02:00";"135,9";"137,9";"111,997"
"1694649600";"14.09.2023 03:00";"128,4";"132,3";"109,201"
"1694653200";"14.09.2023 04:00";"102,1";"149,5";"122,285"
"1694656800";"14.09.2023 05:00";"150,2";"149,8";"133,087"
"1694660400";"14.09.2023 06:00";"169,4";"166,9";"138,322"
"1694664000";"14.09.2023 07:00";"161,3";"174,9";"152,41"
"1694667600";"14.09.2023 08:00";"146,6";"197,8";"145,885"
"1694671200";"14.09.2023 09:00";"146,1";"151,5";"128,061"
"1694674800";"14.09.2023 10:00";"150,3";"146";"126,003"
"1694678400";"14.09.2023 11:00";"155,9";"136,3";"123,401"
"1694682000";"14.09.2023 12:00";"151,3";"122,3";"101,065"
"1694685600";"14.09.2023 13:00";"132,8";"114,9";"89,864"
"1694689200";"14.09.2023 14:00";"110,6";"102,5";"79,383"
"1694692800";"14.09.2023 15:00";"87,3";"81,7";"69,98"
"1694696400";"14.09.2023 16:00";"68,3";"68,4";"54,938"
"1694700000";"14.09.2023 17:00";"62,6";"53";"44,89"
"1694703600";"14.09.2023 18:00";"51,5";"44,2";"34,859"
"1694707200";"14.09.2023 19:00";"59";"42,6";"35,828"
"1694710800";"14.09.2023 20:00";"63,8";"43,4";"34,382"
"1694714400";"14.09.2023 21:00";"63,8";"47,2";"38,174"
"1694718000";"14.09.2023 22:00";"54,5";"45,1";"32,276"
"1694721600";"14.09.2023 23:00";"42,4";"39,5";"33,055"
"1694725200";"15.09.2023 00:00";"32,4";"32";"23,199"
"1694728800";"15.09.2023 01:00";"31,2";"31,1";"21,689"
"1694732400";"15.09.2023 02:00";"24,5";"31";"20,215"
"1694736000";"15.09.2023 03:00";"19,5";"29,5";"19,876"
"1694739600";"15.09.2023 04:00";"15,6";"26,1";"19,007"
"1694743200";"15.09.2023 05:00";"14,7";"24,6";"19,093"
"1694746800";"15.09.2023 06:00";"23,6";"19";"15,739"
"1694750400";"15.09.2023 07:00";"22,8";"16,7";"13,843"
"1694754000";"15.09.2023 08:00";"26,1";"12,2";"8,255"
"1694757600";"15.09.2023 09:00";"28,9";"10,5";"8,718"
"1694761200";"15.09.2023 10:00";"35,2";"16,6";"8,437"
"1694764800";"15.09.2023 11:00";"35,3";"11,6";"8,318"
"1694768400";"15.09.2023 12:00";"33,6";"8,3";"11,029"
"1694772000";"15.09.2023 13:00";"32,7";"7,3";"10,847"
"1694775600";"15.09.2023 14:00";"30,4";"6,6";"10,762"
"1694779200";"15.09.2023 15:00";"29,7";"6,9";"11,389"
"1694782800";"15.09.2023 16:00";"23";"5,7";"8,695"
"1694786400";"15.09.2023 17:00";"14";"3,7";"9,996"
"1694790000";"15.09.2023 18:00";"13,4";"3,7";"8,12"
"1694793600";"15.09.2023 19:00";"18";"5,3";"12,369"
"1694797200";"15.09.2023 20:00";"23,7";"8,8";"19,311"
"1694800800";"15.09.2023 21:00";"29,3";"15,7";"27,846"
"1694804400";"15.09.2023 22:00";"23,9";"21,8";"34,223"
"1694808000";"15.09.2023 23:00";"31,4";"22,8";"46,173"
"1694811600";"16.09.2023 00:00";"36,8";"30,7";"50,841"
"1694815200";"16.09.2023 01:00";"54,4";"49,8";"55,981"
"1694818800";"16.09.2023 02:00";"56";"58,5";"63,967"
"1694822400";"16.09.2023 03:00";"80,6";"65,5";"81,91"
"1694826000";"16.09.2023 04:00";"112,4";"80,4";"78,487"
"1694829600";"16.09.2023 05:00";"122,6";"95,8";"86,823"
"1694833200";"16.09.2023 06:00";"145,4";"99,1";"92,341"
"1694836800";"16.09.2023 07:00";"154,6";"112,3";"96,709"
"1694840400";"16.09.2023 08:00";"145,8";"106,2";"97,771"
"1694844000";"16.09.2023 09:00";"127,4";"99,4";"80,561"
"1694847600";"16.09.2023 10:00";"125,1";"93,1";"90,783"
"1694851200";"16.09.2023 11:00";"133,8";"105,8";"92,493"
"1694854800";"16.09.2023 12:00";"153,9";"120,6";"100,463"
"1694858400";"16.09.2023 13:00";"163,7";"130,1";"100,246"
"1694862000";"16.09.2023 14:00";"160,3";"129,3";"98,292"
"1694865600";"16.09.2023 15:00";"152,4";"125,6";"91,033"
"1694869200";"16.09.2023 16:00";"148,5";"121";"94,908"
"1694872800";"16.09.2023 17:00";"129,6";"105,5";"85,722"
"1694876400";"16.09.2023 18:00";"106,8";"93,2";"84,324"
"1694880000";"16.09.2023 19:00";"109,3";"94,7";"78,753"
"1694883600";"16.09.2023 20:00";"138,2";"108,1";"89,522"
"1694887200";"16.09.2023 21:00";"168,3";"121,3";"103,701"
"1694890800";"16.09.2023 22:00";"193,4";"132,3";"108,026"
"1694894400";"16.09.2023 23:00";"196,1";"141,5";"119,87"
"1694898000";"17.09.2023 00:00";"192,1";"161,2";"129,367"
"1694901600";"17.09.2023 01:00";"183,3";"155";"124,303"
"1694905200";"17.09.2023 02:00";"188,9";"160,4";"129,864"
"1694908800";"17.09.2023 03:00";"176,4";"158,6";"119,747"
"1694912400";"17.09.2023 04:00";"174,7";"157,5";"124,824"
"1694916000";"17.09.2023 05:00";"189,5";"160,3";"121,788"
"1694919600";"17.09.2023 06:00";"185";"165,9";"127,315"
"1694923200";"17.09.2023 07:00";"182,6";"165,8";"122,877"
"1694926800";"17.09.2023 08:00";"171,8";"173";"116,009"
"1694930400";"17.09.2023 09:00";"150,7";"177,1";"103,717"
"1694934000";"17.09.2023 10:00";"126,4";"183,8";"107,409"
"1694937600";"17.09.2023 11:00";"129,3";"188,1";"109,538"
"1694941200";"17.09.2023 12:00";"163,1";"202,6";"126,983"
"1694944800";"17.09.2023 13:00";"170,2";"197,6";"128,038"
"1694948400";"17.09.2023 14:00";"160,2";"180,3";"107,485"
"1694952000";"17.09.2023 15:00";"147,7";"156,3";"97,281"
"1694955600";"17.09.2023 16:00";"147,1";"123,8";"95,63"
"1694959200";"17.09.2023 17:00";"106,9";"101,6";"82,685"
"1694962800";"17.09.2023 18:00";"75,9";"90,6";"62,379"
"1694966400";"17.09.2023 19:00";"74,5";"75,2";"65,809"
"1694970000";"17.09.2023 20:00";"81,6";"76,5";"64,488"
"1694973600";"17.09.2023 21:00";"74,6";"70,7";"68,67"
"1694977200";"17.09.2023 22:00";"87,7";"68,6";"66,837"
"1694980800";"17.09.2023 23:00";"84,3";"56,4";"57,414"
"1694984400";"18.09.2023 00:00";"65,8";"51,6";"42,88"
"1694988000";"18.09.2023 01:00";"57,1";"57,1";"39,848"
"1694991600";"18.09.2023 02:00";"50,9";"43,8";"39,486"
"1694995200";"18.09.2023 03:00";"48,8";"35,5";"32,938"
"1694998800";"18.09.2023 04:00";"43,8";"34,6";"28,924"
"1695002400";"18.09.2023 05:00";"44,7";"25,6";"26,388"
"1695006000";"18.09.2023 06:00";"45,3";"35,8";"23,124"
"1695009600";"18.09.2023 07:00";"54,7";"28,5";"20,807"
"1695013200";"18.09.2023 08:00";"69,1";"36,2";"16,28"
"1695016800";"18.09.2023 09:00";"60";"23,5";"12,807"
"1695020400";"18.09.2023 10:00";"38,8";"12,9";"11,613"
"1695024000";"18.09.2023 11:00";"40,8";"10,3";"13,696"
"1695027600";"18.09.2023 12:00";"39,2";"12,9";"20,831"
"1695031200";"18.09.2023 13:00";"44";"17,7";"22,501"
"1695034800";"18.09.2023 14:00";"49,8";"16,1";"19,082"
"1695038400";"18.09.2023 15:00";"61,1";"29,6";"23,895"
"1695042000";"18.09.2023 16:00";"59,4";"32,1";"23,922"
"1695045600";"18.09.2023 17:00";"49,2";"27,8";"25,875"
"1695049200";"18.09.2023 18:00";"49,8";"38,7";"36,537"
"1695052800";"18.09.2023 19:00";"76,6";"45,4";"52,005"
"1695056400";"18.09.2023 20:00";"129,3";"76,9";"65,033"
"1695060000";"18.09.2023 21:00";"167,3";"99,4";"86,111"
"1695063600";"18.09.2023 22:00";"177,7";"119,6";"98,874"
"1695067200";"18.09.2023 23:00";"180,7";"130,8";"106,095"
"1695070800";"19.09.2023 00:00";"178,8";"132,2";"120,152"
"1695074400";"19.09.2023 01:00";"165,6";"119,3";"109,791"
"1695078000";"19.09.2023 02:00";"155,3";"110,7";"125,216"
"1695081600";"19.09.2023 03:00";"141,1";"105,8";"114,432"
"1695085200";"19.09.2023 04:00";"141,8";"104,9";"124,395"
"1695088800";"19.09.2023 05:00";"151,6";"109,5";"126,691"
"1695092400";"19.09.2023 06:00";"163,1";"113,7";"121,117"
"1695096000";"19.09.2023 07:00";"140,8";"113,1";"121,457"
"1695099600";"19.09.2023 08:00";"139,6";"108,5";"124,532"
"1695103200";"19.09.2023 09:00";"127,1";"110,4";"115,775"
"1695106800";"19.09.2023 10:00";"137,9";"117,7";"117,064"
"1695110400";"19.09.2023 11:00";"146,5";"121,8";"146,027"
"1695114000";"19.09.2023 12:00";"163,8";"139,5";"151,214"
"1695117600";"19.09.2023 13:00";"177,8";"122,6";"172,949"
"1695121200";"19.09.2023 14:00";"178,5";"139,9";"157,424"
"1695124800";"19.09.2023 15:00";"176";"183,3";"167,374"
"1695128400";"19.09.2023 16:00";"174,9";"189,8";"172,165"
"1695132000";"19.09.2023 17:00";"204,4";"198,5";"190,271"
"1695135600";"19.09.2023 18:00";"235,5";"210,3";"182,789"
"1695139200";"19.09.2023 19:00";"254,4";"218,9";"200,742"
"1695142800";"19.09.2023 20:00";"252,5";"228,2";"193,294"
"1695146400";"19.09.2023 21:00";"268,4";"237,8";"198,319"
"1695150000";"19.09.2023 22:00";"239,6";"240,7";"207,235"
"1695153600";"19.09.2023 23:00";"238,4";"226,7";"210,895"
"1695157200";"20.09.2023 00:00";"220,9";"217,8";"228,749"
"1695160800";"20.09.2023 01:00";"233,4";"223,1";"225,505"
"1695164400";"20.09.2023 02:00";"263,1";"232,3";"233,342"
"1695168000";"20.09.2023 03:00";"272,4";"257,4";"237,338"
"1695171600";"20.09.2023 04:00";"290,1";"275";"255,589"
"1695175200";"20.09.2023 05:00";"308";"283,9";"263,607"
"1695178800";"20.09.2023 06:00";"312,3";"292,4";"278,273"
"1695182400";"20.09.2023 07:00";"323,8";"289,5";"272,565"
"1695186000";"20.09.2023 08:00";"322,4";"290";"291,162"
"1695189600";"20.09.2023 09:00";"310,9";"279,9";"275,135"
"1695193200";"20.09.2023 10:00";"304,9";"285,3";"273,892"
"1695196800";"20.09.2023 11:00";"294,5";"270,8";"261,102"
"1695200400";"20.09.2023 12:00";"284";"263,9";"276,532"
"1695204000";"20.09.2023 13:00";"276,8";"256";"271,924"
"1695207600";"20.09.2023 14:00";"279,1";"245,1";"256,978"
"1695211200";"20.09.2023 15:00";"269,7";"221,9";"246,944"
"1695214800";"20.09.2023 16:00";"268,7";"214,1";"226,189"
"1695218400";"20.09.2023 17:00";"255,1";"198,9";"198,037"
"1695222000";"20.09.2023 18:00";"225,8";"184,8";"182,642"
"1695225600";"20.09.2023 19:00";"200,3";"165,8";"163,776"
"1695229200";"20.09.2023 20:00";"192,3";"143,6";"170,432"
"1695232800";"20.09.2023 21:00";"179,6";"147,2";"155,32"
"1695236400";"20.09.2023 22:00";"188,3";"148,7";"154,902"
"1695240000";"20.09.2023 23:00";"189,3";"149,8";"148,32"
"1695243600";"21.09.2023 00:00";"175,6";"156,8";"148,455"
"1695247200";"21.09.2023 01:00";"165,8";"157,3";"141,769"
"1695250800";"21.09.2023 02:00";"159,9";"155,5";"149,65"
"1695254400";"21.09.2023 03:00";"143,6";"144";"145,978"
"1695258000";"21.09.2023 04:00";"119,8";"134,7";"132,161"
"1695261600";"21.09.2023 05:00";"131,8";"116,5";"118,772"
"1695265200";"21.09.2023 06:00";"120,7";"104,3";"107,624"
"1695268800";"21.09.2023 07:00";"129,9";"96,2";"96,689"
"1695272400";"21.09.2023 08:00";"148";"112,8";"101,4"
"1695276000";"21.09.2023 09:00";"131,8";"116";"101,287"
"1695279600";"21.09.2023 10:00";"124,4";"111,2";"101,418"
"1695283200";"21.09.2023 11:00";"111,7";"100,1";"92,431"
"1695286800";"21.09.2023 12:00";"135,5";"99";"97,19"
"1695290400";"21.09.2023 13:00";"133,5";"96,4";"94,715"
"1695294000";"21.09.2023 14:00";"127,9";"99,5";"82,876"
"1695297600";"21.09.2023 15:00";"132,4";"93,8";"80,568"
"1695301200";"21.09.2023 16:00";"119,9";"88,1";"74,93"
"1695304800";"21.09.2023 17:00";"100,1";"78,5";"77,633"
"1695308400";"21.09.2023 18:00";"90,1";"89,5";"94,701"
"1695312000";"21.09.2023 19:00";"110,5";"93";"110,341"
"1695315600";"21.09.2023 20:00";"154,4";"120,5";"126,459"
"1695319200";"21.09.2023 21:00";"170";"137,8";"142,702"
"1695322800";"21.09.2023 22:00";"185,6";"146,5";"137,302"
"1695326400";"21.09.2023 23:00";"176,6";"145,7";"144,832"
"1695330000";"22.09.2023 00:00";"167,8";"142,4";"140,008"
"1695333600";"22.09.2023 01:00";"167,9";"128,7";"139,943"
"1695337200";"22.09.2023 02:00";"156,6";"125,1";"138,085"
"1695340800";"22.09.2023 03:00";"154,6";"123,3";"135,586"
"1695344400";"22.09.2023 04:00";"153,2";"123,8";"138,358"
"1695348000";"22.09.2023 05:00";"166";"128,1";"138,718"
"1695351600";"22.09.2023 06:00";"169,6";"133,1";"136,576"
"1695355200";"22.09.2023 07:00";"173,5";"137,6";"136,329"
"1695358800";"22.09.2023 08:00";"169,9";"136,4";"148,796"
"1695362400";"22.09.2023 09:00";"150,3";"129,8";"128,369"
"1695366000";"22.09.2023 10:00";"159,9";"134,1";"141,058"
"1695369600";"22.09.2023 11:00";"170,6";"137,1";"154,954"
"1695373200";"22.09.2023 12:00";"186,7";"149,9";"153,88"
"1695376800";"22.09.2023 13:00";"206,3";"159,6";"166,196"
"1695380400";"22.09.2023 14:00";"248,9";"164,2";"171,967"
"1695384000";"22.09.2023 15:00";"253";"179,7";"180,933"
"1695387600";"22.09.2023 16:00";"232,8";"192,8";"176,355"
"1695391200";"22.09.2023 17:00";"219,5";"197,6";"185,484"
"1695394800";"22.09.2023 18:00";"208,6";"189,7";"204,423"
"1695398400";"22.09.2023 19:00";"219,9";"185,8";"198,322"
"1695402000";"22.09.2023 20:00";"222,6";"190,6";"202,196"
"1695405600";"22.09.2023 21:00";"233,3";"196,4";"196,025"
"1695409200";"22.09.2023 22:00";"243,8";"195,6";"200,663"
"1695412800";"22.09.2023 23:00";"256,7";"203,1";"198,61"
"1695416400";"23.09.2023 00:00";"243,2";"211,6";"198,277"
"1695420000";"23.09.2023 01:00";"230,8";"204,6";"193,093"
"1695423600";"23.09.2023 02:00";"218,1";"203,3";"197,877"
"1695427200";"23.09.2023 03:00";"207,4";"191,9";"187,656"
"1695430800";"23.09.2023 04:00";"212,7";"174,8";"175,503"
"1695434400";"23.09.2023 05:00";"199,4";"171";"159,386"
"1695438000";"23.09.2023 06:00";"150";"146,2";"143,023"
"1695441600";"23.09.2023 07:00";"115,5";"119,8";"111,943"
"1695445200";"23.09.2023 08:00";"113,5";"88,1";"86,413"
"1695448800";"23.09.2023 09:00";"87,5";"74,8";"69,846"
"1695452400";"23.09.2023 10:00";"82,4";"66,8";"59,654"
"1695456000";"23.09.2023 11:00";"83,4";"64";"60,952"
"1695459600";"23.09.2023 12:00";"63,6";"60,5";"44,218"
"1695463200";"23.09.2023 13:00";"65";"54,3";"43,704"
"1695466800";"23.09.2023 14:00";"64,8";"53";"37,445"
"1695470400";"23.09.2023 15:00";"54,4";"53,1";"37,837"
"1695474000";"23.09.2023 16:00";"51,7";"37";"34,771"
"1695477600";"23.09.2023 17:00";"39,1";"36,2";"39,45"
"1695481200";"23.09.2023 18:00";"44,4";"27,9";"35,083"
"1695484800";"23.09.2023 19:00";"39,5";"33,7";"34,715"
"1695488400";"23.09.2023 20:00";"55,9";"32,7";"39,968"
"1695492000";"23.09.2023 21:00";"48,2";"35,6";"50,224"
"1695495600";"23.09.2023 22:00";"54,7";"35,2";"43,511"
"1695499200";"23.09.2023 23:00";"54,9";"36,4";"49,625"
"1695502800";"24.09.2023 00:00";"55";"39,8";"41,775"
"1695506400";"24.09.2023 01:00";"55";"43";"45,001"
"1695510000";"24.09.2023 02:00";"57,5";"43,7";"54,935"
"1695513600";"24.09.2023 03:00";"66,8";"49,8";"61,75"
"1695517200";"24.09.2023 04:00";"74,7";"57,7";"67,187"
"1695520800";"24.09.2023 05:00";"79,7";"64";"69,338"
"1695524400";"24.09.2023 06:00";"83,1";"67,7";"71,2"
"1695528000";"24.09.2023 07:00";"95,9";"66,7";"71,084"
"1695531600";"24.09.2023 08:00";"95,7";"70,8";"69,973"
"1695535200";"24.09.2023 09:00";"102,2";"78,4";"69,187"
"1695538800";"24.09.2023 10:00";"111,4";"93,9";"82,891"
"1695542400";"24.09.2023 11:00";"122,2";"108,3";"99,909"
"1695546000";"24.09.2023 12:00";"149";"119,7";"114,938"
"1695549600";"24.09.2023 13:00";"135,6";"108,4";"127,04"
"1695553200";"24.09.2023 14:00";"144,3";"107,2";"121,85"
"1695556800";"24.09.2023 15:00";"149";"111,3";"122,33"
"1695560400";"24.09.2023 16:00";"135,9";"114,1";"116,379"
"1695564000";"24.09.2023 17:00";"180,8";"127,2";"114,449"
"1695567600";"24.09.2023 18:00";"149,4";"114,7";"106,633"
"1695571200";"24.09.2023 19:00";"135";"106,8";"101,443"
"1695574800";"24.09.2023 20:00";"149,8";"92,4";"90,281"
"1695578400";"24.09.2023 21:00";"137,8";"92,9";"86,466"
"1695582000";"24.09.2023 22:00";"134";"86,3";"91,006"
"1695585600";"24.09.2023 23:00";"116,4";"89,3";"93,752"
"1695589200";"25.09.2023 00:00";"110,4";"77,8";"95,121"
"1695592800";"25.09.2023 01:00";"110,5";"73,1";"86,814"
"1695596400";"25.09.2023 02:00";"96,5";"61,3";"59,573"
"1695600000";"25.09.2023 03:00";"75,5";"50,6";"49,503"
"1695603600";"25.09.2023 04:00";"63,5";"39,4";"43,998"
"1695607200";"25.09.2023 05:00";"62,2";"35,8";"51,327"
"1695610800";"25.09.2023 06:00";"69,7";"37,8";"49,622"
"1695614400";"25.09.2023 07:00";"73,2";"42,9";"49,051"
"1695618000";"25.09.2023 08:00";"72";"39,4";"42,533"
"1695621600";"25.09.2023 09:00";"63,5";"37,2";"31,824"
"1695625200";"25.09.2023 10:00";"53,2";"36,6";"30,54"
"1695628800";"25.09.2023 11:00";"63,8";"34,7";"36,073"
"1695632400";"25.09.2023 12:00";"76";"43,9";"37,07"
"1695636000";"25.09.2023 13:00";"82,6";"48,5";"41,511"
"1695639600";"25.09.2023 14:00";"89";"51,1";"44,073"
"1695643200";"25.09.2023 15:00";"83,4";"55,1";"51,027"
"1695646800";"25.09.2023 16:00";"76,6";"56,6";"51,093"
"1695650400";"25.09.2023 17:00";"75,3";"48,8";"61,898"
"1695654000";"25.09.2023 18:00";"68,4";"54,6";"70,36"
"1695657600";"25.09.2023 19:00";"87";"58,6";"89,726"
"1695661200";"25.09.2023 20:00";"101,3";"79,4";"92,618"
"1695664800";"25.09.2023 21:00";"114,1";"86,7";"107,737"
"1695668400";"25.09.2023 22:00";"132,3";"95,6";"112,135"
"1695672000";"25.09.2023 23:00";"151,1";"108,2";"124,746"
"1695675600";"26.09.2023 00:00";"140,2";"101";"111,588"
"1695679200";"26.09.2023 01:00";"143,2";"114,4";"109,745"
"1695682800";"26.09.2023 02:00";"134,8";"115,3";"109,666"
"1695686400";"26.09.2023 03:00";"116,5";"113,9";"107,441"
"1695690000";"26.09.2023 04:00";"115,7";"104,2";"107,216"
"1695693600";"26.09.2023 05:00";"114,2";"101,5";"98,628"
"1695697200";"26.09.2023 06:00";"125,7";"95,1";"92,999"
"1695700800";"26.09.2023 07:00";"126,9";"92,5";"92,428"
"1695704400";"26.09.2023 08:00";"120,3";"94,2";"87,862"
"1695708000";"26.09.2023 09:00";"113,4";"78,4";"67,665"
"1695711600";"26.09.2023 10:00";"109";"75,3";"68,552"
"1695715200";"26.09.2023 11:00";"106,8";"80,2";"69,862"
"1695718800";"26.09.2023 12:00";"102,6";"82,7";"72,961"
"1695722400";"26.09.2023 13:00";"96,8";"75,3";"72,757"
"1695726000";"26.09.2023 14:00";"91,7";"61,8";"58,781"
"1695729600";"26.09.2023 15:00";"78,1";"60,6";"48,205"
"1695733200";"26.09.2023 16:00";"59,1";"46,7";"40,565"
"1695736800";"26.09.2023 17:00";"49,4";"39,8";"35,942"
"1695740400";"26.09.2023 18:00";"53,2";"42,9";"48,921"
"1695744000";"26.09.2023 19:00";"81,1";"52";"64,465"
"1695747600";"26.09.2023 20:00";"94,8";"61,9";"66,164"
"1695751200";"26.09.2023 21:00";"103,5";"72,1";"75,875"
"1695754800";"26.09.2023 22:00";"99,3";"77,2";"74,886"
"1695758400";"26.09.2023 23:00";"104,8";"76,9";"77,214"
"1695762000";"27.09.2023 00:00";"86,9";"65,6";"70,235"
"1695765600";"27.09.2023 01:00";"74,6";"52,8";"66,924"
"1695769200";"27.09.2023 02:00";"71,3";"45,1";"61,165"
"1695772800";"27.09.2023 03:00";"63,2";"42,2";"48,298"
"1695776400";"27.09.2023 04:00";"49,7";"43,2";"52,075"
"1695780000";"27.09.2023 05:00";"54,2";"44,5";"54,45"
"1695783600";"27.09.2023 06:00";"58,1";"52";"59,583"
"1695787200";"27.09.2023 07:00";"69,5";"49,9";"62,236"
"1695790800";"27.09.2023 08:00";"89";"55,3";"71,859"
"1695794400";"27.09.2023 09:00";"84,8";"58,9";"77,399"
"1695798000";"27.09.2023 10:00";"76";"61,8";"64,391"
"1695801600";"27.09.2023 11:00";"77,6";"62,3";"59,501"
"1695805200";"27.09.2023 12:00";"87,7";"61,3";"76,632"
"1695808800";"27.09.2023 13:00";"94,1";"66,3";"78,536"
"1695812400";"27.09.2023 14:00";"105,6";"71";"82,458"
"1695816000";"27.09.2023 15:00";"108";"76,1";"81,74"
"1695819600";"27.09.2023 16:00";"92,1";"70";"78,279"
"1695823200";"27.09.2023 17:00";"77,7";"69,8";"72,773"
"1695826800";"27.09.2023 18:00";"69,9";"63,1";"82,228"
"1695830400";"27.09.2023 19:00";"81,9";"60";"81,473"
"1695834000";"27.09.2023 20:00";"80,6";"70,8";"82,517"
"1695837600";"27.09.2023 21:00";"86,3";"74";"83,33"
"1695841200";"27.09.2023 22:00";"87,1";"74,5";"84,15"
"1695844800";"27.09.2023 23:00";"88,7";"77,4";"81,818"
"1695848400";"28.09.2023 00:00";"66,9";"67";"67,247"
"1695852000";"28.09.2023 01:00";"63";"63,3";"58,865"
"1695855600";"28.09.2023 02:00";"55,9";"48,6";"53,819"
"1695859200";"28.09.2023 03:00";"47,1";"40,9";"42,818"
"1695862800";"28.09.2023 04:00";"31,2";"31,5";"34,646"
"1695866400";"28.09.2023 05:00";"22,9";"26,3";"27,926"
"1695870000";"28.09.2023 06:00";"19,2";"22,6";"24,229"
"1695873600";"28.09.2023 07:00";"20,2";"13,7";"20,889"
"1695877200";"28.09.2023 08:00";"18,9";"10,8";"13,018"
"1695880800";"28.09.2023 09:00";"22,1";"8,6";"11,865"
"1695884400";"28.09.2023 10:00";"24,1";"10";"10,625"
"1695888000";"28.09.2023 11:00";"22,9";"10,8";"13,086"
"1695891600";"28.09.2023 12:00";"23,2";"9,5";"6,807"
"1695895200";"28.09.2023 13:00";"23,7";"7,2";"8,182"
"1695898800";"28.09.2023 14:00";"20,3";"6,6";"6,412"
"1695902400";"28.09.2023 15:00";"18,3";"9,1";"5,813"
"1695906000";"28.09.2023 16:00";"16,1";"9,1";"5,586"
"1695909600";"28.09.2023 17:00";"12,6";"7";"11,128"
"1695913200";"28.09.2023 18:00";"15,3";"13,2";"19,134"
"1695916800";"28.09.2023 19:00";"31,2";"22,1";"35,719"
"1695920400";"28.09.2023 20:00";"45,2";"45,6";"48,399"
"1695924000";"28.09.2023 21:00";"57,2";"67,5";"67,225"
"1695927600";"28.09.2023 22:00";"85";"71,1";"85,988"
"1695931200";"28.09.2023 23:00";"87,6";"83,7";"98,139"
"1695934800";"29.09.2023 00:00";"66,1";"71,6";"95,332"
"1695938400";"29.09.2023 01:00";"104,3";"87,1";"104,689"
"1695942000";"29.09.2023 02:00";"86";"83,9";"108,414"
"1695945600";"29.09.2023 03:00";"83,7";"81,2";"110,882"
"1695949200";"29.09.2023 04:00";"105,3";"86,2";"117,945"
"1695952800";"29.09.2023 05:00";"92,7";"74,3";"106,847"
"1695956400";"29.09.2023 06:00";"100,6";"95,4";"103,114"
"1695960000";"29.09.2023 07:00";"101";"86,6";"95,651"
"1695963600";"29.09.2023 08:00";"97,7";"75,8";"90,441"
"1695967200";"29.09.2023 09:00";"80,6";"72";"77,024"
"1695970800";"29.09.2023 10:00";"75,4";"64,8";"72,695"
"1695974400";"29.09.2023 11:00";"94,9";"64,8";"74,825"
"1695978000";"29.09.2023 12:00";"96,6";"65,5";"78,077"
"1695981600";"29.09.2023 13:00";"94,8";"71,9";"77,57"
"1695985200";"29.09.2023 14:00";"79,9";"67,4";"74,481"
"1695988800";"29.09.2023 15:00";"89,1";"64,7";"76,025"
"1695992400";"29.09.2023 16:00";"86,9";"64,4";"66,999"
"1695996000";"29.09.2023 17:00";"77,8";"65";"62,124"
"1695999600";"29.09.2023 18:00";"55,2";"62,6";"59,491"
"1696003200";"29.09.2023 19:00";"49,5";"52,2";"52,225"
"1696006800";"29.09.2023 20:00";"50";"47,7";"50,196"
"1696010400";"29.09.2023 21:00";"50,8";"58";"58,663"
"1696014000";"29.09.2023 22:00";"50";"55";"62,421"
"1696017600";"29.09.2023 23:00";"68,2";"58,3";"76,685"
"1696021200";"30.09.2023 00:00";"78,4";"67,6";"84,768"
"1696024800";"30.09.2023 01:00";"104,6";"87,4";"99,264"
"1696028400";"30.09.2023 02:00";"115,5";"108,2";"103,442"
"1696032000";"30.09.2023 03:00";"132,6";"120,8";"114,821"
"1696035600";"30.09.2023 04:00";"126,4";"119,7";"130,861"
"1696039200";"30.09.2023 05:00";"141,6";"125,3";"126,626"
"1696042800";"30.09.2023 06:00";"140,1";"137,1";"152,172"
"1696046400";"30.09.2023 07:00";"168,8";"140,2";"166,857"
"1696050000";"30.09.2023 08:00";"160,8";"144,9";"160,388"
"1696053600";"30.09.2023 09:00";"164,9";"139";"169,082"
"1696057200";"30.09.2023 10:00";"205,9";"152,8";"173,439"
"1696060800";"30.09.2023 11:00";"226,2";"176,7";"184,535"
"1696064400";"30.09.2023 12:00";"233,2";"185,4";"193,152"
"1696068000";"30.09.2023 13:00";"228,9";"187,6";"190,495"
"1696071600";"30.09.2023 14:00";"221";"174,3";"214,965"
"1696075200";"30.09.2023 15:00";"218,4";"182";"208,145"
"1696078800";"30.09.2023 16:00";"214";"178,4";"205,754"
"1696082400";"30.09.2023 17:00";"195,3";"169,1";"196,43"
"1696086000";"30.09.2023 18:00";"182,6";"168,2";"197,682"
"1696089600";"30.09.2023 19:00";"166,6";"150,8";"185,328"
"1696093200";"30.09.2023 20:00";"202,9";"151,7";"182,691"
"1696096800";"30.09.2023 21:00";"208,3";"165,8";"174,078"
"1696100400";"30.09.2023 22:00";"206,7";"173,8";"167,137"
"1696104000";"30.09.2023 23:00";"199,4";"166,1";"171,367"
"1696107600";"01.10.2023 00:00";"192,9";"161,4";"203,15"
